datetime,date,userID,locationID,buildingID,chargingLen,originLocationID,originChargingHour,incentive,score
2018-07-01 12:00:00,0701,606941,50840,6,3.0,51087,17,10,0.8151716360042488
2018-07-01 16:00:00,0701,604897H,51200,15,1.0,51200,16,0,-1.0
2018-07-01 08:00:00,0701,604760H,50268,19,1.0,50240,17,10,0.6113787270031865
2018-07-01 12:00:00,0701,V009198,50675,18,2.0,50911,17,10,0.7735416138989463
2018-07-01 16:00:00,0701,604725H,50261,9,2.0,50261,16,0,-1.0
2018-07-01 12:00:00,0701,604738H,50268,19,2.0,50268,16,10,0.78436151502585
2018-07-01 12:00:00,0701,604836H,50269,12,2.0,50269,16,10,0.8171706226820306
2018-07-01 12:00:00,0701,604749H,50261,9,1.0,51200,15,10,0.7952938490222039
2018-07-01 12:00:00,0701,604771H,50230,0,2.0,50240,16,10,0.8058162539459113
2018-07-01 12:00:00,0701,604739H,51200,15,1.0,51199,15,10,0.7894423974558286
2018-07-01 21:00:00,0701,605077H,51087,4,2.0,51087,15,0,-1.0
2018-07-01 12:00:00,0701,605454,50841,2,2.0,50692,18,10,0.7556607684806238
2018-07-01 17:00:00,0701,604976,50911,13,1.0,50911,15,0,-1.0
2018-07-01 12:00:00,0701,604728H,51199,1,1.0,51198,15,10,0.789320611859313
2018-07-01 12:00:00,0701,604771H,50338,16,2.0,50240,11,10,0.7963013464397467
2018-07-01 12:00:00,0701,518475,50267,14,3.0,50911,16,10,0.749262976245373
2018-07-01 18:00:00,0701,506530,50909,8,2.0,50909,18,0,-1.0
2018-07-01 12:00:00,0701,607289,50909,8,3.0,50911,20,10,0.726630136575542
2018-07-01 07:00:00,0701,606909,50266,10,3.0,50692,19,10,0.2226810322743314
2018-07-01 09:00:00,0701,606102,50230,0,3.0,50911,12,10,0.216255598912938
2018-07-01 12:00:00,0701,604733H,51198,5,1.0,51200,12,10,0.7969989869524885
2018-07-01 07:00:00,0701,604895H,50909,8,2.0,50338,12,10,0.2089252262756878
2018-07-01 12:00:00,0701,604804H,50230,0,1.0,50230,12,0,-1.0
2018-07-01 12:00:00,0701,604726H,50841,2,2.0,51199,12,3,0.5552237558409243
2018-07-01 12:00:00,0701,604903H,51200,15,1.0,50266,12,10,0.5437517168436891
2018-07-01 13:00:00,0701,607626,50240,17,1.0,50911,11,10,0.4763917978678326
2018-07-01 13:00:00,0701,518009,51198,5,1.0,50692,19,10,0.5022896081696446
2018-07-01 12:00:00,0701,607289,50269,12,2.0,50269,12,0,-1.0
2018-07-01 13:00:00,0701,607688,51087,4,3.0,51087,23,10,0.5348343371715559
2018-07-01 00:00:00,0701,606666,50349,7,3.0,50349,23,0,-1.0
2018-07-01 13:00:00,0701,519392,50261,9,2.0,50911,21,3,0.5429369666036012
2018-07-01 10:00:00,0701,604773H,50263,11,1.0,50841,21,10,0.2790428310348783
2018-07-01 21:00:00,0701,607289,50675,18,1.0,50911,20,10,0.0957014918579411
2018-07-01 02:00:00,0701,604900H,50675,18,2.0,50266,20,10,0.0053167495476633
2018-07-01 13:00:00,0701,607224,51199,1,2.0,50911,19,3,0.5394106893542242
2018-07-01 11:00:00,0701,604728H,51198,5,1.0,51198,11,0,-1.0
2018-07-01 14:00:00,0701,604832H,50675,18,1.0,50267,12,9,0.4647394781960185
2018-07-01 04:00:00,0701,606789,50692,3,1.0,50909,12,10,0.043442225408028
2018-07-01 09:00:00,0701,605077H,50911,13,2.0,50911,9,0,-1.0
2018-07-01 18:00:00,0701,602824,50911,13,1.0,50911,11,0,-1.0
2018-07-01 13:00:00,0701,604752H,51200,15,2.0,51200,11,0,0.582945591193118
2018-07-01 10:00:00,0701,604773H,50841,2,2.0,50841,10,0,-1.0
2018-07-01 19:00:00,0701,604897H,50268,19,1.0,51198,10,0,0.2060883624792047
2018-07-01 10:00:00,0701,600108,50269,12,2.0,50269,10,0,-1.0
2018-07-01 04:00:00,0701,600108,51087,4,2.0,50269,10,0,0.0548785324095849
2018-07-01 04:00:00,0701,600108,50268,19,3.0,50269,10,0,0.0642862808226565
2018-07-01 10:00:00,0701,604799H,51198,5,1.0,51198,10,0,-1.0
2018-07-01 12:00:00,0701,604380H,50268,19,2.0,50911,10,0,0.4336191415748915
2018-07-01 16:00:00,0701,601085,50675,18,1.0,50349,9,0,0.2115170414566179
2018-07-01 10:00:00,0701,606102,50692,3,1.0,50692,9,0,-1.0
2018-07-01 09:00:00,0701,604899H,50267,14,2.0,50267,9,0,-1.0
2018-07-01 10:00:00,0701,518475,50840,6,2.0,50911,7,10,0.571799112445129
2018-07-01 09:00:00,0701,606789,50909,8,1.0,50909,7,0,-1.0
2018-07-01 10:00:00,0701,604802H,50266,10,2.0,50269,13,3,0.5694892230668073
2018-07-01 10:00:00,0701,604739H,51200,15,1.0,51199,11,0,0.5937088612074246
2018-07-01 19:00:00,0701,604380H,50911,13,1.0,50911,13,0,-1.0
2018-07-01 10:00:00,0701,604900H,50338,16,2.0,50266,13,3,0.6076458960046384
2018-07-01 14:00:00,0701,604761H,50692,3,1.0,50349,13,8,0.4064614386182896
2018-07-01 14:00:00,0701,604804H,50268,19,2.0,50230,15,0,0.5100701671305574
2018-07-01 15:00:00,0701,604730H,50263,11,1.0,50263,13,8,0.2390873413343625
2018-07-01 10:00:00,0701,604904H,51199,1,1.0,51199,15,0,0.6166741643205276
2018-07-01 13:00:00,0701,604902H,50675,18,2.0,50261,15,1,0.4277683909985711
2018-07-01 11:00:00,0701,604733H,51087,4,1.0,51198,14,1,0.2669814345188364
2018-07-01 16:00:00,0701,604758H,50263,11,2.0,50263,13,0,-1.0
2018-07-01 19:00:00,0701,606523,50911,13,2.0,50911,13,0,-1.0
2018-07-01 00:00:00,0701,603904,51087,4,2.0,51087,13,0,-1.0
2018-07-01 03:00:00,0701,605432,50911,13,1.0,50911,3,0,-1.0
2018-07-01 08:00:00,0701,601555,50911,13,1.0,50911,8,0,-1.0
2018-07-01 10:00:00,0701,603906,50841,2,2.0,50841,10,0,-1.0
2018-07-01 20:00:00,0701,607938,50911,13,2.0,50911,10,0,-1.0
2018-07-01 08:00:00,0701,606941,50840,6,3.0,51087,9,10,0.4087086439470338
2018-07-01 18:00:00,0701,606941,50267,14,3.0,51087,9,3,0.2959799879811414
2018-07-01 00:00:00,0701,606941,51087,4,2.0,51087,9,0,-1.0
2018-07-01 10:00:00,0701,606620,50261,9,1.0,50911,9,0,0.6206640950142055
2018-07-01 04:00:00,0701,605432,50911,13,2.0,50911,4,0,-1.0
2018-07-01 10:00:00,0701,607289,50268,19,3.0,50269,4,0,0.5951776883691915
2018-07-01 10:00:00,0701,603912,50841,2,2.0,51087,19,0,0.4452829200391502
2018-07-01 15:00:00,0701,604380H,50692,3,2.0,50911,19,3,0.2286227041306334
2018-07-01 21:00:00,0701,603912,50911,13,3.0,50911,17,0,-1.0
2018-07-01 14:00:00,0701,606620,50841,2,1.0,50911,17,0,0.5399923046608888
2018-07-01 17:00:00,0701,520263,50909,8,1.0,50909,17,0,-1.0
2018-07-01 00:00:00,0701,517866,51087,4,2.0,51087,14,0,-1.0
2018-07-01 02:00:00,0701,607855,50692,3,1.0,50911,13,10,0.0130123075103843
2018-07-01 15:00:00,0701,604832H,50267,14,2.0,50267,12,0,-1.0
2018-07-01 17:00:00,0701,604903H,50266,10,1.0,50266,12,0,-1.0
2018-07-01 17:00:00,0701,607696,50263,11,3.0,50263,11,0,-1.0
2018-07-01 10:00:00,0701,604738H,50268,19,3.0,50268,0,0,0.4941153358936824
2018-07-01 21:00:00,0701,606260,50911,13,3.0,50911,10,0,-1.0
2018-07-01 02:00:00,0701,519392,51087,4,2.0,51087,21,0,-1.0
2018-07-01 12:00:00,0701,519392,50841,2,2.0,51087,21,0,0.4373268078188307
2018-07-01 16:00:00,0701,603906,50840,6,1.0,50841,21,10,0.3738458675964593
2018-07-01 14:00:00,0701,604903H,50230,0,1.0,50266,21,0,0.4998484902003925
2018-07-01 21:00:00,0701,605931,50911,13,2.0,50911,21,0,-1.0
2018-07-01 22:00:00,0701,604380H,50911,13,2.0,50911,22,0,-1.0
2018-07-01 00:00:00,0701,604732H,50268,19,3.0,50268,23,0,-1.0
2018-07-01 00:00:00,0701,604738H,50268,19,3.0,50268,23,0,-1.0
2018-07-01 20:00:00,0701,607795,50909,8,1.0,50909,20,0,-1.0
2018-07-01 16:00:00,0701,519392,50338,16,2.0,51087,19,0,0.3310938865526313
2018-07-02 12:00:00,0702,517846,50840,6,1.0,50349,0,10,0.8151716360042488
2018-07-02 00:00:00,0702,607942,50349,7,3.0,50349,22,0,-1.0
2018-07-02 12:00:00,0702,604771H,50268,19,2.0,50240,12,7,0.7773820582244466
2018-07-02 12:00:00,0702,604773H,50675,18,1.0,50841,12,10,0.8254628442899612
2018-07-02 12:00:00,0702,604727H,50261,9,3.0,50261,12,0,-1.0
2018-07-02 12:00:00,0702,607856,50269,12,3.0,50909,1,10,0.7318101159233346
2018-07-02 12:00:00,0702,604749H,51198,5,1.0,51198,12,10,0.7907520411440527
2018-07-02 12:00:00,0702,604904H,51199,1,1.0,51199,12,10,0.7779879688211219
2018-07-02 10:00:00,0702,604760H,50338,16,2.0,50240,11,9,0.3699763982801004
2018-07-02 12:00:00,0702,603906,50841,2,2.0,50841,11,10,0.8015590075754164
2018-07-02 12:00:00,0702,604726H,51200,15,1.0,51199,11,10,0.7949000588240782
2018-07-02 12:00:00,0702,604738H,50338,16,1.0,50268,11,9,0.770738475766186
2018-07-02 12:00:00,0702,604796H,50267,14,2.0,50267,13,9,0.8078796882641326
2018-07-02 11:00:00,0702,604758H,50263,11,1.0,50263,11,0,-1.0
2018-07-02 12:00:00,0702,600108,50909,8,1.0,50269,10,10,0.7920256543798209
2018-07-02 12:00:00,0702,604749H,50230,0,2.0,51199,10,10,0.7875568922174261
2018-07-02 09:00:00,0702,603904,50841,2,1.0,50841,9,0,-1.0
2018-07-02 11:00:00,0702,518622,50675,18,1.0,50675,8,0,-1.0
2018-07-02 08:00:00,0702,518475,50911,13,2.0,50911,8,0,-1.0
2018-07-02 12:00:00,0702,604771H,50268,19,1.0,50240,8,0,0.5120434448356196
2018-07-02 19:00:00,0702,604802H,51200,15,1.0,50269,7,5,0.2476167045096693
2018-07-02 07:00:00,0702,604895H,50338,16,1.0,50338,7,0,-1.0
2018-07-02 12:00:00,0702,519392,50841,2,1.0,50911,23,1,0.5363849600811782
2018-07-02 13:00:00,0702,607795,50840,6,1.0,50911,6,8,0.3466303257088078
2018-07-02 12:00:00,0702,604799H,50841,2,2.0,51198,10,0,0.4880907461628524
2018-07-02 13:00:00,0702,604900H,50266,10,2.0,50266,13,0,-1.0
2018-07-02 12:00:00,0702,604734H,51200,15,3.0,50268,10,0,0.4525066563737529
2018-07-02 13:00:00,0702,604727H,51087,4,1.0,50261,13,10,0.430399941975674
2018-07-02 13:00:00,0702,604761H,50338,16,2.0,50349,13,5,0.4108815625146275
2018-07-02 13:00:00,0702,603906,50240,17,1.0,50841,21,10,0.5095595005316389
2018-07-02 13:00:00,0702,604832H,51199,1,1.0,50267,21,10,0.5518027600808648
2018-07-02 13:00:00,0702,604773H,50675,18,1.0,50841,21,3,0.5630710147815993
2018-07-02 09:00:00,0702,605235,50266,10,2.0,50911,19,3,0.2138126901709711
2018-07-02 19:00:00,0702,604760H,50240,17,1.0,50240,19,0,-1.0
2018-07-02 19:00:00,0702,603522H,50911,13,1.0,50911,19,0,-1.0
2018-07-02 13:00:00,0702,606523,50909,8,2.0,50911,18,3,0.474046994219753
2018-07-02 17:00:00,0702,518475,50692,3,1.0,50911,17,3,0.0867679325877544
2018-07-02 13:00:00,0702,603680,51198,5,2.0,50349,17,8,0.577643422392729
2018-07-02 20:00:00,0702,604800H,50911,13,2.0,50911,16,0,-1.0
2018-07-02 10:00:00,0702,520263,50261,9,1.0,50909,19,10,0.3798380016014565
2018-07-02 14:00:00,0702,604739H,50840,6,1.0,51199,15,0,0.4389941732317042
2018-07-02 16:00:00,0702,604726H,51200,15,2.0,51200,16,0,-1.0
2018-07-02 16:00:00,0702,604902H,50261,9,2.0,50261,16,0,-1.0
2018-07-02 15:00:00,0702,604728H,51198,5,2.0,51198,15,0,-1.0
2018-07-02 14:00:00,0702,604802H,50230,0,1.0,50269,15,8,0.4917855115629398
2018-07-02 14:00:00,0702,604752H,50841,2,1.0,51199,15,0,0.5121598687703216
2018-07-02 14:00:00,0702,607855,50267,14,3.0,50911,15,8,0.4821943908313272
2018-07-02 15:00:00,0702,604895H,50338,16,2.0,50338,15,0,-1.0
2018-07-02 15:00:00,0702,606260,50909,8,2.0,50909,14,0,-1.0
2018-07-02 14:00:00,0702,606260,50675,18,1.0,50911,13,0,0.5690665208559128
2018-07-02 14:00:00,0702,603548,50692,3,2.0,50911,16,10,0.5114175171859902
2018-07-02 13:00:00,0702,604806H,50338,16,1.0,50338,13,0,-1.0
2018-07-02 11:00:00,0702,518475,50261,9,2.0,50911,16,1,0.1549650544481692
2018-07-02 21:00:00,0702,605432,50692,3,3.0,50692,17,0,-1.0
2018-07-02 20:00:00,0702,604771H,50240,17,2.0,50240,14,0,-1.0
2018-07-02 14:00:00,0702,520263,51199,1,2.0,50909,17,3,0.5002969433174909
2018-07-02 14:00:00,0702,604775H,50268,19,2.0,50263,15,1,0.5538489742706095
2018-07-02 17:00:00,0702,520263,50909,8,2.0,50909,15,0,-1.0
2018-07-02 14:00:00,0702,607938,50261,9,2.0,50911,14,7,0.3616486255399699
2018-07-02 14:00:00,0702,607856,50841,2,3.0,50349,15,0,0.5009774886739367
2018-07-02 20:00:00,0702,604329,50911,13,3.0,50911,15,0,-1.0
2018-07-02 20:00:00,0702,604745H,51198,5,2.0,51198,15,0,-1.0
2018-07-02 14:00:00,0702,601555,51087,4,2.0,51087,18,0,0.5692802516793731
2018-07-02 14:00:00,0702,601535,50675,18,3.0,50692,15,0,0.5562033535671265
2018-07-02 21:00:00,0702,601555,51087,4,3.0,51087,18,0,-1.0
2018-07-02 13:00:00,0702,601535,50675,18,1.0,50692,22,0,0.4295311405834099
2018-07-02 21:00:00,0702,601555,50911,13,2.0,50911,18,0,-1.0
2018-07-02 15:00:00,0702,604380H,50266,10,2.0,50911,19,10,0.3644740512915269
2018-07-02 16:00:00,0702,519392,50840,6,2.0,50349,19,0,0.4483814268708986
2018-07-02 16:00:00,0702,603912,50263,11,3.0,50692,20,10,0.4622250208637999
2018-07-02 21:00:00,0702,605083H,50911,13,2.0,50911,20,0,-1.0
2018-07-02 16:00:00,0702,604732H,50269,12,2.0,50269,20,10,0.5173756307684116
2018-07-02 21:00:00,0702,603906,50841,2,2.0,50841,21,0,-1.0
2018-07-02 10:00:00,0702,604832H,50263,11,1.0,50267,21,8,0.3798942123593807
2018-07-02 05:00:00,0702,607263,50266,10,2.0,50911,21,8,0.0478176896409164
2018-07-02 16:00:00,0702,604903H,50230,0,1.0,50266,21,0,0.564375730220257
2018-07-02 00:00:00,0702,604735H,50268,19,3.0,50268,23,0,-1.0
2018-07-02 18:00:00,0702,604802H,50269,12,2.0,50269,13,0,-1.0
2018-07-02 20:00:00,0702,601555,50349,7,3.0,51087,18,2,0.2180496037914292
2018-07-02 00:00:00,0702,607083,50911,13,3.0,50911,13,0,-1.0
2018-07-02 16:00:00,0702,601555,50692,3,2.0,51087,18,2,0.5014526895352132
2018-07-02 10:00:00,0702,603902,50267,14,2.0,50338,13,1,0.4147286536713128
2018-07-02 05:00:00,0702,605931,50911,13,3.0,50911,5,0,-1.0
2018-07-02 15:00:00,0702,604832H,50267,14,1.0,50267,13,0,-1.0
2018-07-02 07:00:00,0702,604899H,50338,16,2.0,50338,7,0,-1.0
2018-07-02 16:00:00,0702,604748H,51199,1,2.0,51087,8,0,0.5305712597469725
2018-07-02 20:00:00,0702,606850,50349,7,4.0,50349,9,0,-1.0
2018-07-02 16:00:00,0702,607855,50268,19,1.0,50911,9,0,0.5243427859522488
2018-07-02 09:00:00,0702,604895H,51198,5,2.0,51198,9,0,-1.0
2018-07-02 00:00:00,0702,604748H,51087,4,3.0,51087,10,0,-1.0
2018-07-02 17:00:00,0702,604730H,50263,11,2.0,50263,10,0,-1.0
2018-07-02 16:00:00,0702,604745H,50261,9,2.0,50263,10,0,0.479007026252276
2018-07-02 11:00:00,0702,607688,50911,13,1.0,50911,10,0,-1.0
2018-07-02 10:00:00,0702,600108,50269,12,2.0,50269,10,3,0.5506037986660962
2018-07-02 11:00:00,0702,606523,50909,8,1.0,50909,10,0,-1.0
2018-07-02 19:00:00,0702,606789,50263,11,3.0,50263,11,0,-1.0
2018-07-02 18:00:00,0702,607626,50911,13,1.0,50911,10,0,-1.0
2018-07-02 18:00:00,0702,604727H,50266,10,2.0,50261,11,2,0.4501782813247838
2018-07-02 15:00:00,0702,604895H,51198,5,1.0,51198,13,0,-1.0
2018-07-02 03:00:00,0702,607289,50269,12,3.0,50269,3,0,-1.0
2018-07-02 12:00:00,0702,604773H,50841,2,1.0,50841,12,0,-1.0
2018-07-02 12:00:00,0702,604804H,50230,0,2.0,50230,12,0,-1.0
2018-07-02 17:00:00,0702,604903H,50240,17,1.0,50266,12,9,0.3729718246923036
2018-07-02 11:00:00,0702,604726H,50240,17,1.0,51200,11,9,0.3508930551055578
2018-07-02 00:00:00,0702,605642,51087,4,2.0,51087,12,0,-1.0
2018-07-02 04:00:00,0702,604749H,50349,7,2.0,51200,11,0,0.0566647730692126
2018-07-02 10:00:00,0702,604904H,50840,6,2.0,51199,11,0,0.5624571535985853
2018-07-02 03:00:00,0702,604895H,50349,7,2.0,51198,11,9,0.0406622189545365
2018-07-02 16:00:00,0702,604745H,50261,9,3.0,51198,11,0,0.3830200505382213
2018-07-02 11:00:00,0702,604738H,50268,19,1.0,50268,11,0,-1.0
2018-07-02 19:00:00,0702,520263,50909,8,2.0,50909,11,0,-1.0
2018-07-03 08:00:00,0703,605235,50840,6,2.0,50692,18,10,0.8151716360042488
2018-07-03 21:00:00,0703,605432,50692,3,2.0,50692,19,0,-1.0
2018-07-03 21:00:00,0703,604380H,50911,13,2.0,50911,19,0,-1.0
2018-07-03 08:00:00,0703,520263,50841,2,1.0,50909,19,10,0.8151716360042488
2018-07-03 21:00:00,0703,604380H,50911,13,2.0,50911,20,0,-1.0
2018-07-03 08:00:00,0703,605074H,50261,9,2.0,50911,23,10,0.8151716360042488
2018-07-03 21:00:00,0703,519392,50909,8,1.0,50909,21,0,-1.0
2018-07-03 18:00:00,0703,605074H,50268,19,2.0,50911,21,9,0.631815797884398
2018-07-03 08:00:00,0703,604380H,50268,19,1.0,50911,22,3,0.8028127254086491
2018-07-03 22:00:00,0703,605083H,50911,13,1.0,50911,22,0,-1.0
2018-07-03 08:00:00,0703,604380H,50266,10,1.0,50911,23,10,0.7604357248845104
2018-07-03 08:00:00,0703,607706,51200,15,1.0,50911,17,10,0.7818275952090208
2018-07-03 08:00:00,0703,604175,51199,1,3.0,50911,21,10,0.7518577502107051
2018-07-03 08:00:00,0703,607263,50240,17,2.0,50349,21,10,0.7531945019663091
2018-07-03 19:00:00,0703,604771H,50338,16,1.0,50240,16,8,0.3846081844968734
2018-07-03 08:00:00,0703,606620,50909,8,1.0,50911,17,10,0.7519862151445145
2018-07-03 18:00:00,0703,607289,50675,18,3.0,50269,5,10,0.4718289257002324
2018-07-03 08:00:00,0703,607263,50267,14,3.0,50349,5,10,0.7508041119030868
2018-07-03 08:00:00,0703,601555,50338,16,2.0,50911,7,10,0.7310737265615674
2018-07-03 18:00:00,0703,604771H,50267,14,2.0,50240,9,9,0.4626705575547287
2018-07-03 04:00:00,0703,605079H,50240,17,2.0,50692,10,10,0.0637960410785934
2018-07-03 23:00:00,0703,600963,50911,13,1.0,50911,11,0,-1.0
2018-07-03 08:00:00,0703,604738H,50349,7,2.0,50268,3,10,0.7920006744274464
2018-07-03 08:00:00,0703,604903H,50230,0,1.0,50266,12,10,0.8016131721415587
2018-07-03 08:00:00,0703,604796H,50841,2,1.0,50267,13,3,0.6701164071592857
2018-07-03 23:00:00,0703,605074H,50911,13,1.0,50911,14,0,-1.0
2018-07-03 15:00:00,0703,605079H,50692,3,2.0,50692,15,0,-1.0
2018-07-03 09:00:00,0703,606363,50266,10,3.0,51087,16,10,0.5221357055875289
2018-07-03 09:00:00,0703,603990,50230,0,2.0,50911,16,8,0.5036737603125184
2018-07-03 16:00:00,0703,607613,50692,3,2.0,50692,11,0,-1.0
2018-07-03 13:00:00,0703,604832H,50267,14,2.0,50267,13,0,-1.0
2018-07-03 00:00:00,0703,604380H,50911,13,2.0,50911,13,0,-1.0
2018-07-03 16:00:00,0703,602814,50269,12,4.0,50269,14,0,-1.0
2018-07-03 17:00:00,0703,605074H,51087,4,1.0,50911,15,7,0.1851224860264219
2018-07-03 18:00:00,0703,606363,51200,15,3.0,50909,15,7,0.4954443275766395
2018-07-03 00:00:00,0703,604380H,50911,13,3.0,50911,21,0,-1.0
2018-07-03 16:00:00,0703,604620H,50349,7,2.0,50349,16,0,-1.0
2018-07-03 19:00:00,0703,604796H,50349,7,2.0,50267,21,8,0.3938147741835638
2018-07-03 10:00:00,0703,605235,50263,11,2.0,51087,21,8,0.4450373684068603
2018-07-03 13:00:00,0703,603548,50349,7,3.0,50911,22,8,0.2555786435824401
2018-07-03 11:00:00,0703,604761H,50349,7,2.0,50349,11,0,-1.0
2018-07-03 08:00:00,0703,604380H,50268,19,2.0,50911,16,0,0.6042881021066135
2018-07-03 13:00:00,0703,602859,51087,4,2.0,51087,10,0,-1.0
2018-07-03 09:00:00,0703,607263,51198,5,3.0,50349,13,9,0.557272983766194
2018-07-03 09:00:00,0703,600963,50269,12,2.0,50911,10,10,0.6298717748040294
2018-07-03 21:00:00,0703,602859,51087,4,3.0,51087,10,0,-1.0
2018-07-03 23:00:00,0703,604738H,50240,17,1.0,50268,0,6,0.0381724316597497
2018-07-03 10:00:00,0703,606177,50840,6,1.0,50911,0,10,0.6732591649589748
2018-07-03 00:00:00,0703,606177,50911,13,2.0,50911,0,0,-1.0
2018-07-03 10:00:00,0703,604735H,50692,3,2.0,50268,3,10,0.6835834020466837
2018-07-03 03:00:00,0703,518009,50911,13,2.0,50911,3,0,-1.0
2018-07-03 09:00:00,0703,605083H,50909,8,1.0,50911,0,6,0.6538447437525879
2018-07-03 18:00:00,0703,607289,50263,11,2.0,50269,4,9,0.4950243320641067
2018-07-03 14:00:00,0703,605079H,50692,3,1.0,50692,9,0,-1.0
2018-07-03 00:00:00,0703,519287,50911,13,2.0,50911,9,0,-1.0
2018-07-03 10:00:00,0703,605079H,50261,9,2.0,50692,9,7,0.6633056448155384
2018-07-03 10:00:00,0703,607083,50349,7,1.0,50349,10,0,-1.0
2018-07-03 05:00:00,0703,607224,50692,3,1.0,50911,3,6,0.0630587451472212
2018-07-03 15:00:00,0703,604730H,51087,4,1.0,50263,17,6,0.2726885098167474
2018-07-03 00:00:00,0703,607855,50911,13,2.0,50911,14,0,-1.0
2018-07-03 14:00:00,0703,604749H,51200,15,2.0,51200,14,0,-1.0
2018-07-03 09:00:00,0703,604771H,50841,2,1.0,50240,14,0,0.7603073055813634
2018-07-03 10:00:00,0703,604758H,51200,15,2.0,50263,15,2,0.7107395242979664
2018-07-03 10:00:00,0703,603912,50338,16,2.0,50349,16,1,0.6556322182431039
2018-07-03 10:00:00,0703,V009198,50841,2,2.0,51087,16,0,0.6311042313472027
2018-07-03 16:00:00,0703,604899H,50338,16,1.0,50338,16,0,-1.0
2018-07-03 09:00:00,0703,518475,51200,15,2.0,50911,17,1,0.5759839200903193
2018-07-03 13:00:00,0703,519392,50675,18,2.0,51087,20,1,0.2620169399007364
2018-07-03 10:00:00,0703,605073H,50349,7,2.0,50911,17,2,0.4239536564224608
2018-07-03 11:00:00,0703,603522H,50267,14,2.0,50911,19,2,0.3265336291551836
2018-07-03 00:00:00,0703,603522H,50911,13,2.0,50911,19,0,-1.0
2018-07-03 21:00:00,0703,607224,50675,18,1.0,50911,19,2,0.2179555168825681
2018-07-03 21:00:00,0703,607224,50675,18,3.0,50911,20,2,0.1084011565447693
2018-07-03 00:00:00,0703,519392,50911,13,2.0,50911,20,0,-1.0
2018-07-03 01:00:00,0703,518475,50911,13,3.0,50911,21,0,-1.0
2018-07-03 21:00:00,0703,604773H,50841,2,1.0,50841,21,0,-1.0
2018-07-03 21:00:00,0703,604900H,50266,10,2.0,50266,21,0,-1.0
2018-07-03 17:00:00,0703,604760H,50240,17,1.0,50240,17,0,-1.0
2018-07-03 17:00:00,0703,600963,51199,1,2.0,51087,14,2,0.2374281867711027
2018-07-03 18:00:00,0703,607289,50269,12,3.0,50269,13,0,-1.0
2018-07-03 13:00:00,0703,604738H,50268,19,2.0,50268,13,0,-1.0
2018-07-03 14:00:00,0703,604726H,51198,5,2.0,51198,14,0,-1.0
2018-07-03 10:00:00,0703,607289,50268,19,2.0,50349,1,0,0.6081618603181322
2018-07-03 19:00:00,0703,607263,51199,1,3.0,50349,1,9,0.4167063292238716
2018-07-03 01:00:00,0703,607289,50269,12,3.0,50269,1,0,-1.0
2018-07-03 09:00:00,0703,607263,51087,4,1.0,50349,2,1,0.5506197786327396
2018-07-03 09:00:00,0703,607855,50841,2,2.0,50911,8,0,0.5385786539473811
2018-07-03 02:00:00,0703,604329,50911,13,4.0,50911,9,0,-1.0
2018-07-03 11:00:00,0703,604804H,50230,0,1.0,50230,9,0,-1.0
2018-07-03 18:00:00,0703,601535,50230,0,1.0,50692,10,5,0.5236928435917962
2018-07-03 14:00:00,0703,604728H,50269,12,1.0,51199,10,5,0.4370931860996983
2018-07-03 18:00:00,0703,603902,50841,2,1.0,50338,7,0,0.5721838562548013
2018-07-03 12:00:00,0703,604772H,51198,5,2.0,51200,11,5,0.2788089859281477
2018-07-03 15:00:00,0703,604775H,51199,1,3.0,50263,12,5,0.3460529964458333
2018-07-03 12:00:00,0703,604902H,50261,9,1.0,50261,12,0,-1.0
2018-07-03 18:00:00,0703,604804H,50261,9,2.0,50230,12,0,0.5735616727415601
2018-07-03 14:00:00,0703,607626,50840,6,1.0,50911,12,0,0.5246658848999801
2018-07-03 14:00:00,0703,604761H,50841,2,1.0,50349,13,0,0.5752767419642869
2018-07-03 11:00:00,0703,604832H,50269,12,1.0,50267,13,8,0.4978254490710069
2018-07-03 14:00:00,0703,604739H,50338,16,2.0,51199,13,0,0.4837406424906266
2018-07-03 19:00:00,0703,606789,50269,12,2.0,50269,13,0,-1.0
2018-07-03 08:00:00,0703,605432,50268,19,4.0,50911,11,0,0.3570877137314977
2018-07-04 08:00:00,0704,604745H,50840,6,2.0,51199,16,10,0.8151716360042488
2018-07-04 20:00:00,0704,604749H,50338,16,3.0,51198,15,9,0.3821258023693184
2018-07-04 12:00:00,0704,604897H,50268,19,1.0,51200,15,8,0.5195402144629337
2018-07-04 15:00:00,0704,604802H,50269,12,3.0,50269,15,0,-1.0
2018-07-04 19:00:00,0704,604733H,50338,16,1.0,51198,15,9,0.477657252961648
2018-07-04 08:00:00,0704,604749H,50841,2,2.0,50268,14,10,0.8151716360042488
2018-07-04 20:00:00,0704,603912,50675,18,2.0,50349,14,8,0.4073538298165809
2018-07-04 21:00:00,0704,604800H,50911,13,2.0,50911,14,0,-1.0
2018-07-04 08:00:00,0704,604771H,50261,9,2.0,50240,14,10,0.8151716360042488
2018-07-04 18:00:00,0704,607289,50675,18,3.0,50269,16,9,0.6001230123240223
2018-07-04 15:00:00,0704,600963,50841,2,3.0,50841,15,0,-1.0
2018-07-04 21:00:00,0704,518475,50911,13,2.0,50911,17,0,-1.0
2018-07-04 08:00:00,0704,519392,50268,19,3.0,50911,22,5,0.8045954739820051
2018-07-04 22:00:00,0704,519392,50911,13,2.0,50911,17,0,-1.0
2018-07-04 08:00:00,0704,607613,50267,14,2.0,50692,18,9,0.762544952158893
2018-07-04 00:00:00,0704,603522H,50911,13,3.0,50911,19,0,-1.0
2018-07-04 08:00:00,0704,604773H,50909,8,2.0,50841,20,10,0.8034563189834545
2018-07-04 20:00:00,0704,605642,50240,17,3.0,50911,21,9,0.3080534280701881
2018-07-04 08:00:00,0704,603906,51199,1,1.0,50841,21,10,0.7868938792754937
2018-07-04 08:00:00,0704,604900H,51200,15,1.0,50266,21,10,0.8063115821473308
2018-07-04 08:00:00,0704,603522H,50268,19,1.0,50911,21,0,0.577709201761176
2018-07-04 08:00:00,0704,604903H,50230,0,1.0,50266,21,10,0.8019507197165237
2018-07-04 12:00:00,0704,607283,50267,14,2.0,50909,13,6,0.3729836619652721
2018-07-04 08:00:00,0704,604735H,50349,7,1.0,50268,23,10,0.7847305533200608
2018-07-04 19:00:00,0704,607263,50349,7,1.0,50349,23,9,0.3382752769613672
2018-07-04 09:00:00,0704,604760H,51087,4,1.0,50240,17,6,0.4178536301425171
2018-07-04 08:00:00,0704,607855,50240,17,2.0,50911,13,10,0.7527456139345756
2018-07-04 15:00:00,0704,604775H,50263,11,1.0,50263,13,0,-1.0
2018-07-04 18:00:00,0704,604832H,50230,0,1.0,50267,13,9,0.4198312335321305
2018-07-04 00:00:00,0704,603522H,50911,13,2.0,50911,0,0,-1.0
2018-07-04 08:00:00,0704,607289,50841,2,3.0,50269,2,2,0.6725867314070689
2018-07-04 18:00:00,0704,520263,50267,14,2.0,50909,13,4,0.4059053420408989
2018-07-04 18:00:00,0704,600963,50261,9,1.0,51087,7,8,0.4635585556556533
2018-07-04 08:00:00,0704,604899H,50338,16,2.0,50338,7,0,0.7813759892680474
2018-07-04 18:00:00,0704,603902,51200,15,1.0,50267,7,10,0.5062505651237258
2018-07-04 00:00:00,0704,607855,50911,13,2.0,50911,7,0,-1.0
2018-07-04 12:00:00,0704,604804H,50230,0,2.0,50230,9,4,0.407434708585947
2018-07-04 09:00:00,0704,604733H,50269,12,2.0,51200,9,10,0.6323949578546407
2018-07-04 09:00:00,0704,520263,51198,5,1.0,51087,10,6,0.6113147862777578
2018-07-04 10:00:00,0704,604799H,51198,5,2.0,51198,10,0,-1.0
2018-07-04 09:00:00,0704,604745H,51199,1,2.0,51199,10,10,0.6763625435881183
2018-07-04 13:00:00,0704,601555,51087,4,2.0,51087,10,0,-1.0
2018-07-04 10:00:00,0704,603902,50263,11,1.0,50267,10,10,0.5153718472577787
2018-07-04 21:00:00,0704,600963,51087,4,3.0,51087,7,0,-1.0
2018-07-04 00:00:00,0704,606909,50911,13,2.0,50911,11,0,-1.0
2018-07-04 10:00:00,0704,603522H,50692,3,2.0,50911,11,9,0.5058748471586554
2018-07-04 07:00:00,0704,518009,50840,6,2.0,50675,13,10,0.2287309344984642
2018-07-04 23:00:00,0704,607507,50911,13,1.0,50911,13,0,-1.0
2018-07-04 12:00:00,0704,607289,50269,12,2.0,50269,12,0,-1.0
2018-07-04 12:00:00,0704,607289,50269,12,2.0,50269,12,0,-1.0
2018-07-04 08:00:00,0704,606909,50267,14,3.0,50911,13,2,0.2043066497629474
2018-07-04 12:00:00,0704,604804H,50230,0,2.0,50230,12,0,-1.0
2018-07-04 14:00:00,0704,604772H,50269,12,1.0,50269,12,0,-1.0
2018-07-04 22:00:00,0704,604726H,51198,5,1.0,51198,12,8,0.1301939602024742
2018-07-04 00:00:00,0704,607855,50911,13,2.0,50911,11,0,-1.0
2018-07-04 11:00:00,0704,604771H,50909,8,2.0,50240,11,2,0.2201384443779711
2018-07-04 12:00:00,0704,604745H,51199,1,3.0,51199,12,0,-1.0
2018-07-04 17:00:00,0704,518475,51087,4,1.0,50911,17,2,0.1355825763079913
2018-07-04 17:00:00,0704,604775H,50263,11,1.0,50263,17,0,-1.0
2018-07-04 10:00:00,0704,603680,50840,6,1.0,50911,17,3,0.6536740167589743
2018-07-04 20:00:00,0704,603522H,50267,14,1.0,50911,16,2,0.2334154035986775
2018-07-04 10:00:00,0704,607688,50349,7,1.0,50911,16,2,0.6164259525594906
2018-07-04 15:00:00,0704,604899H,50338,16,2.0,50338,15,0,-1.0
2018-07-04 18:00:00,0704,603902,50269,12,2.0,50269,15,0,-1.0
2018-07-04 15:00:00,0704,604904H,51198,5,2.0,51198,15,0,-1.0
2018-07-04 20:00:00,0704,603522H,50266,10,1.0,50911,17,2,0.2592543970889155
2018-07-04 13:00:00,0704,604771H,51198,5,2.0,50240,16,7,0.4353638969225987
2018-07-04 19:00:00,0704,607670,50266,10,2.0,50911,15,2,0.3533438627789978
2018-07-04 21:00:00,0704,605432,50692,3,3.0,50692,20,0,-1.0
2018-07-04 16:00:00,0704,605079H,50263,11,2.0,50692,18,7,0.3186086280043341
2018-07-04 09:00:00,0704,600963,50230,0,2.0,50911,18,0,0.6204262446472701
2018-07-04 18:00:00,0704,519392,50675,18,1.0,50675,18,0,-1.0
2018-07-04 18:00:00,0704,601555,50263,11,3.0,51087,19,2,0.4173572025870202
2018-07-04 15:00:00,0704,604752H,51199,1,2.0,51200,19,2,0.3100900731705265
2018-07-04 10:00:00,0704,604800H,50338,16,2.0,50911,20,0,0.5737652139053431
2018-07-04 13:00:00,0704,604900H,50909,8,2.0,50266,21,2,0.4259557624935292
2018-07-04 17:00:00,0704,601535,50909,8,3.0,50692,21,2,0.2104945815119547
2018-07-04 21:00:00,0704,603906,50841,2,1.0,50841,21,0,-1.0
2018-07-04 21:00:00,0704,604903H,50266,10,1.0,50266,21,0,-1.0
2018-07-04 00:00:00,0704,604734H,50268,19,2.0,50268,23,0,-1.0
2018-07-04 10:00:00,0704,604895H,50261,9,1.0,50267,17,0,0.6238344096877694
2018-07-04 00:00:00,0704,604802H,50909,8,2.0,50269,15,0,0.0374589273546682
2018-07-04 09:00:00,0704,519287,51200,15,2.0,50911,12,0,0.6204522378823949
2018-07-04 09:00:00,0704,604897H,50349,7,2.0,51199,15,0,0.638640679590545
2018-07-04 14:00:00,0704,604804H,50692,3,1.0,50230,15,9,0.4010371610238991
2018-07-04 05:00:00,0704,605931,50349,7,3.0,50349,5,0,-1.0
2018-07-04 06:00:00,0704,606789,50909,8,2.0,50909,6,0,-1.0
2018-07-04 14:00:00,0704,604895H,50267,14,2.0,50267,8,0,-1.0
2018-07-04 00:00:00,0704,603904,50911,13,3.0,50911,8,0,-1.0
2018-07-04 04:00:00,0704,605079H,50266,10,1.0,50692,9,3,0.0873635911663802
2018-07-04 20:00:00,0704,604799H,51198,5,3.0,51198,10,0,-1.0
2018-07-04 10:00:00,0704,604728H,51200,15,1.0,51200,10,0,-1.0
2018-07-04 13:00:00,0704,604726H,51199,1,2.0,51199,10,0,-1.0
2018-07-04 18:00:00,0704,603902,50269,12,2.0,50269,11,0,-1.0
2018-07-04 20:00:00,0704,604760H,50269,12,1.0,50240,11,7,0.3650019846093582
2018-07-04 03:00:00,0704,607289,50269,12,2.0,50269,3,0,-1.0
2018-07-04 20:00:00,0704,604895H,51199,1,1.0,50267,12,3,0.4261388591945551
2018-07-04 21:00:00,0704,604728H,51198,5,2.0,51198,12,0,-1.0
2018-07-04 17:00:00,0704,604730H,50263,11,2.0,50263,12,0,-1.0
2018-07-04 12:00:00,0704,604902H,50261,9,2.0,50261,12,0,-1.0
2018-07-04 21:00:00,0704,604903H,50266,10,2.0,50266,13,0,-1.0
2018-07-04 18:00:00,0704,604761H,50841,2,1.0,50349,13,0,0.6154674118163265
2018-07-04 18:00:00,0704,604832H,51199,1,1.0,50267,13,0,0.6236736439738774
2018-07-04 02:00:00,0704,605084H,50240,17,2.0,50911,13,8,0.0142108435310162
2018-07-04 10:00:00,0704,604758H,50841,2,1.0,50263,13,0,0.6043758702395304
2018-07-04 12:00:00,0704,604897H,50840,6,2.0,51199,15,0,0.5741297682726872
2018-07-04 12:00:00,0704,604745H,50338,16,2.0,51200,13,0,0.5092430706576186
2018-07-04 12:00:00,0704,604745H,50338,16,3.0,51200,12,0,0.1298070572264517
2018-07-05 08:00:00,0705,604745H,50840,6,1.0,51198,11,10,0.8151716360042488
2018-07-05 18:00:00,0705,604771H,50268,19,1.0,50240,11,5,0.7228948560172305
2018-07-05 08:00:00,0705,604904H,50841,2,2.0,51198,12,10,0.8151716360042488
2018-07-05 08:00:00,0705,604897H,50261,9,2.0,51200,12,10,0.8151716360042488
2018-07-05 08:00:00,0705,604749H,50268,19,2.0,51199,12,10,0.8151716360042488
2018-07-05 08:00:00,0705,603906,50338,16,1.0,50841,12,10,0.7658325709032263
2018-07-05 08:00:00,0705,604775H,50909,8,1.0,50263,12,10,0.809450683779778
2018-07-05 11:00:00,0705,604902H,50261,9,2.0,50261,11,0,-1.0
2018-07-05 18:00:00,0705,604832H,50267,14,1.0,50267,12,8,0.6009607504463467
2018-07-05 18:00:00,0705,605642,50911,13,2.0,50911,12,0,-1.0
2018-07-05 18:00:00,0705,516399,50909,8,1.0,50909,11,8,0.729539894720851
2018-07-05 18:00:00,0705,604752H,51199,1,2.0,51199,10,10,0.8151716360042488
2018-07-05 18:00:00,0705,604726H,51200,15,1.0,51200,11,10,0.8229148762643774
2018-07-05 18:00:00,0705,606941,50338,16,2.0,50911,10,6,0.6699256164474305
2018-07-05 10:00:00,0705,604733H,51200,15,2.0,51200,10,0,-1.0
2018-07-05 19:00:00,0705,604733H,50267,14,2.0,51200,10,7,0.4723484161355634
2018-07-05 18:00:00,0705,604799H,50675,18,2.0,51199,10,10,0.8371030908856287
2018-07-05 18:00:00,0705,601555,50230,0,2.0,50911,9,10,0.8151716360042488
2018-07-05 18:00:00,0705,604749H,50841,2,2.0,51198,9,3,0.8028127254086491
2018-07-05 18:00:00,0705,601085,50261,9,2.0,50349,9,10,0.7607544647166284
2018-07-05 18:00:00,0705,604750H,50675,18,3.0,50230,9,8,0.6397241418588866
2018-07-05 04:00:00,0705,604761H,50230,0,1.0,50349,13,8,0.1258810638742051
2018-07-05 18:00:00,0705,604802H,50263,11,1.0,50269,9,10,0.7870713708930679
2018-07-05 08:00:00,0705,603522H,51200,15,2.0,50911,11,7,0.5205182219207315
2018-07-05 19:00:00,0705,607507,50266,10,2.0,50911,13,5,0.4884446536439615
2018-07-05 20:00:00,0705,607856,50911,13,2.0,50911,16,0,-1.0
2018-07-05 18:00:00,0705,604802H,50269,12,1.0,50269,14,10,0.7720877668896384
2018-07-05 18:00:00,0705,604804H,51199,1,2.0,50230,9,10,0.6844827965646898
2018-07-05 19:00:00,0705,604899H,50240,17,2.0,50338,7,7,0.53301660062313
2018-07-05 17:00:00,0705,605432,50263,11,3.0,50911,22,7,0.1489569958461516
2018-07-05 18:00:00,0705,604800H,50841,2,3.0,50911,21,0,0.6167692258044677
2018-07-05 18:00:00,0705,607263,51199,1,3.0,50911,20,1,0.558310412579443
2018-07-05 18:00:00,0705,601897,50261,9,2.0,50349,20,0,0.5601803605073191
2018-07-05 18:00:00,0705,600963,50675,18,2.0,50911,20,2,0.4713315787768171
2018-07-05 19:00:00,0705,607263,50269,12,2.0,50911,19,6,0.5253328320931147
2018-07-05 08:00:00,0705,601535,50267,14,2.0,50692,18,6,0.4759227462411238
2018-07-05 18:00:00,0705,604732H,50268,19,1.0,50268,18,0,-1.0
2018-07-05 19:00:00,0705,607795,51200,15,3.0,50349,17,4,0.4833071864313689
2018-07-05 04:00:00,0705,604748H,51087,4,2.0,51087,13,6,0.1117619450865339
2018-07-05 16:00:00,0705,604902H,50261,9,3.0,50261,16,0,-1.0
2018-07-05 16:00:00,0705,603902,50269,12,3.0,50269,16,0,-1.0
2018-07-05 20:00:00,0705,604771H,51198,5,2.0,50240,16,7,0.4171904450255599
2018-07-05 05:00:00,0705,605079H,50349,7,1.0,50692,16,7,0.0981141625588332
2018-07-05 15:00:00,0705,604738H,51087,4,1.0,50268,15,7,0.1871361737774986
2018-07-05 14:00:00,0705,604732H,51198,5,2.0,50268,15,7,0.2285753978392966
2018-07-05 15:00:00,0705,604726H,51199,1,2.0,51199,15,0,-1.0
2018-07-05 16:00:00,0705,604895H,50692,3,2.0,50267,14,7,0.2820282425616123
2018-07-05 16:00:00,0705,604899H,50840,6,1.0,50338,14,7,0.3541514813459762
2018-07-05 19:00:00,0705,604749H,50909,8,1.0,51199,14,0,0.5003728464940845
2018-07-05 20:00:00,0705,606102,50230,0,2.0,50692,14,4,0.4659454183833231
2018-07-05 06:00:00,0705,604728H,50911,13,2.0,51198,14,7,0.1852871861546897
2018-07-05 20:00:00,0705,V009198,50911,13,1.0,50911,16,0,-1.0
2018-07-05 11:00:00,0705,518622,50675,18,1.0,50675,8,0,-1.0
2018-07-05 20:00:00,0705,605079H,50338,16,1.0,50692,7,1,0.5154889994400439
2018-07-05 08:00:00,0705,605931,50349,7,2.0,50349,6,10,0.4774321572619791
2018-07-05 08:00:00,0705,604761H,50240,17,1.0,50349,13,10,0.4732407670708518
2018-07-05 16:00:00,0705,604796H,50263,11,1.0,50267,13,5,0.3804015571060154
2018-07-05 21:00:00,0705,605073H,50911,13,2.0,50911,13,0,-1.0
2018-07-05 12:00:00,0705,607855,50266,10,2.0,50911,14,5,0.2827768895231244
2018-07-05 19:00:00,0705,604804H,50268,19,1.0,50230,14,0,0.5983389770772228
2018-07-05 15:00:00,0705,604727H,50261,9,1.0,50261,15,0,-1.0
2018-07-05 12:00:00,0705,607613,50840,6,1.0,50692,15,7,0.356984693196744
2018-07-05 22:00:00,0705,604903H,50266,10,1.0,50266,16,0,-1.0
2018-07-05 08:00:00,0705,604726H,51199,1,1.0,51199,16,0,0.5517261862590331
2018-07-05 08:00:00,0705,603680,50268,19,2.0,50349,16,0,0.4628081707102718
2018-07-05 08:00:00,0705,604895H,50841,2,1.0,50263,18,0,0.5274775991813303
2018-07-05 16:00:00,0705,603522H,51198,5,2.0,50911,19,4,0.3767942135848134
2018-07-05 19:00:00,0705,520263,50909,8,3.0,50909,19,0,-1.0
2018-07-05 21:00:00,0705,605235,51087,4,1.0,51087,20,0,-1.0
2018-07-05 08:00:00,0705,604734H,50230,0,3.0,50268,20,0,0.5391675000485529
2018-07-05 16:00:00,0705,601535,50841,2,1.0,50692,21,0,0.5032968563617171
2018-07-05 21:00:00,0705,601897,50349,7,3.0,50349,21,0,-1.0
2018-07-05 18:00:00,0705,607289,50675,18,1.0,50269,21,0,0.3879100860619946
2018-07-05 16:00:00,0705,604773H,50268,19,2.0,50841,21,0,0.4223222781892597
2018-07-05 21:00:00,0705,518009,50911,13,1.0,50911,21,0,-1.0
2018-07-05 08:00:00,0705,604832H,50911,13,1.0,50267,21,1,0.4858520539795264
2018-07-05 21:00:00,0705,518009,50911,13,1.0,50911,21,0,-1.0
2018-07-05 20:00:00,0705,605931,50268,19,1.0,50349,5,0,0.4217743043941814
2018-07-05 13:00:00,0705,604749H,51200,15,1.0,51200,13,0,-1.0
2018-07-05 08:00:00,0705,604900H,50349,7,1.0,50266,13,3,0.4634070268625179
2018-07-05 08:00:00,0705,601555,50841,2,2.0,50909,16,0,0.4780110216573084
2018-07-05 14:00:00,0705,604771H,50692,3,1.0,50240,12,9,0.2868746984691335
2018-07-05 20:00:00,0705,604899H,50675,18,2.0,50338,7,0,0.443528334055277
2018-07-05 16:00:00,0705,518475,50909,8,2.0,50911,7,0,0.4122562477040786
2018-07-05 13:00:00,0705,604904H,51199,1,1.0,51199,13,0,-1.0
2018-07-05 21:00:00,0705,606850,50240,17,3.0,50349,9,6,0.2869656515559502
2018-07-05 11:00:00,0705,604804H,50230,0,1.0,50230,9,0,-1.0
2018-07-05 16:00:00,0705,604726H,50338,16,1.0,51199,9,0,0.4831840971227963
2018-07-05 09:00:00,0705,604727H,50261,9,1.0,50261,9,0,-1.0
2018-07-05 16:00:00,0705,604749H,51200,15,3.0,51199,10,0,0.5054298220439829
2018-07-05 10:00:00,0705,604749H,51199,1,1.0,51199,10,0,-1.0
2018-07-05 16:00:00,0705,600963,50230,0,2.0,50911,10,0,0.4889554984158871
2018-07-05 16:00:00,0705,604897H,50267,14,1.0,51200,10,0,0.5469802954443906
2018-07-05 10:00:00,0705,604899H,50338,16,1.0,50338,10,0,-1.0
2018-07-05 22:00:00,0705,518475,50911,13,2.0,50911,9,0,-1.0
2018-07-05 10:00:00,0705,605079H,50266,10,1.0,50692,11,2,0.3736154683672004
2018-07-05 11:00:00,0705,518475,50911,13,1.0,50911,10,0,-1.0
2018-07-05 10:00:00,0705,604903H,50692,3,2.0,50266,12,5,0.4485332088272945
2018-07-05 12:00:00,0705,604804H,50230,0,1.0,50230,12,0,-1.0
2018-07-05 12:00:00,0705,604773H,50841,2,2.0,50841,12,0,-1.0
2018-07-05 16:00:00,0705,604730H,50675,18,1.0,50263,12,0,0.5693871568645955
2018-07-05 15:00:00,0705,605432,50692,3,3.0,50692,12,0,-1.0
2018-07-05 11:00:00,0705,607289,50269,12,3.0,50269,11,0,-1.0
2018-07-05 22:00:00,0705,607856,50911,13,1.0,50911,11,0,-1.0
2018-07-05 11:00:00,0705,604738H,50268,19,2.0,50268,11,0,-1.0
2018-07-05 17:00:00,0705,603902,50675,18,3.0,50269,11,0,0.4277415340851601
2018-07-06 08:00:00,0706,605073H,50268,19,2.0,50911,16,6,0.8058624461502714
2018-07-06 19:00:00,0706,605079H,50338,16,2.0,50911,19,6,0.6907392395573754
2018-07-06 18:00:00,0706,604895H,50338,16,1.0,50911,17,6,0.54836395316261
2018-07-06 06:00:00,0706,520263,50338,16,1.0,50909,17,6,0.5920622053348933
2018-07-06 05:00:00,0706,604760H,50268,19,2.0,50240,17,6,0.1973540684449644
2018-07-06 08:00:00,0706,605073H,50267,14,1.0,50911,17,6,0.6627205840078323
2018-07-06 08:00:00,0706,602821,50240,17,2.0,50349,18,10,0.7490489530745978
2018-07-06 09:00:00,0706,603548,50267,14,2.0,50692,18,6,0.4633220848003899
2018-07-06 06:00:00,0706,604620H,50267,14,1.0,50349,19,6,0.5198739056342987
2018-07-06 09:00:00,0706,603522H,50261,9,2.0,50911,21,6,0.4926207907071124
2018-07-06 06:00:00,0706,605079H,51087,4,1.0,50692,20,9,0.5658454095788489
2018-07-06 08:00:00,0706,604903H,50909,8,1.0,50266,21,10,0.8151825688603458
2018-07-06 21:00:00,0706,518009,50911,13,2.0,50911,21,0,-1.0
2018-07-06 08:00:00,0706,604832H,50840,6,1.0,50267,21,10,0.8151716360042488
2018-07-06 19:00:00,0706,607289,50675,18,2.0,50349,21,10,0.547503337614794
2018-07-06 14:00:00,0706,518009,51087,4,1.0,50911,23,10,0.1901490709795821
2018-07-06 12:00:00,0706,603912,51200,15,2.0,50911,23,10,0.3908321936867411
2018-07-06 18:00:00,0706,603990,50675,18,1.0,50911,16,5,0.4661856396050712
2018-07-06 08:00:00,0706,603522H,50841,2,3.0,50911,20,10,0.8151716360042488
2018-07-06 08:00:00,0706,603904,50261,9,2.0,50911,15,10,0.8151716360042488
2018-07-06 04:00:00,0706,607263,50911,13,2.0,50911,4,0,-1.0
2018-07-06 08:00:00,0706,600963,50230,0,3.0,50911,15,10,0.7136894666598318
2018-07-06 08:00:00,0706,605432,51200,15,3.0,50911,0,7,0.6886591915295072
2018-07-06 18:00:00,0706,519392,50230,0,2.0,50675,15,7,0.493851592469773
2018-07-06 08:00:00,0706,605931,50349,7,1.0,50911,3,10,0.7355035936198057
2018-07-06 10:00:00,0706,604738H,50266,10,2.0,50268,3,7,0.5494096660806962
2018-07-06 19:00:00,0706,607289,50263,11,3.0,50269,5,10,0.5174567776374797
2018-07-06 08:00:00,0706,604771H,50338,16,2.0,50240,9,0,0.8034992115316354
2018-07-06 08:00:00,0706,607263,51199,1,1.0,50911,9,10,0.7595610673156035
2018-07-06 09:00:00,0706,602821,50349,7,1.0,50349,9,7,0.5316707474475212
2018-07-06 15:00:00,0706,600963,50263,11,2.0,51087,9,10,0.1506269803726455
2018-07-06 01:00:00,0706,605931,50911,13,2.0,50911,1,0,-1.0
2018-07-06 19:00:00,0706,602806,50909,8,1.0,50911,10,7,0.4178064625356522
2018-07-06 15:00:00,0706,607083,51198,5,3.0,50349,10,10,0.2062929117680627
2018-07-06 19:00:00,0706,604748H,50240,17,3.0,51087,13,7,0.4641271536834683
2018-07-06 08:00:00,0706,605432,50841,2,2.0,50911,13,3,0.6763855245568933
2018-07-06 08:00:00,0706,604832H,50268,19,1.0,50267,13,2,0.6141823755903096
2018-07-06 14:00:00,0706,607263,50911,13,2.0,50911,14,0,-1.0
2018-07-06 04:00:00,0706,606363,51198,5,3.0,50909,11,9,0.1805876378764655
2018-07-06 11:00:00,0706,601555,51199,1,1.0,50911,11,9,0.1969719008832437
2018-07-06 15:00:00,0706,601555,50911,13,2.0,50911,10,0,-1.0
2018-07-06 19:00:00,0706,604903H,50269,12,2.0,50266,21,6,0.5655549423814497
2018-07-06 06:00:00,0706,604760H,50840,6,3.0,50240,16,6,0.4892736280198075
2018-07-06 16:00:00,0706,605079H,50692,3,2.0,50692,16,0,-1.0
2018-07-06 08:00:00,0706,603522H,50841,2,2.0,50911,17,0,0.5621330268460938
2018-07-06 20:00:00,0706,519392,50911,13,2.0,50911,19,0,-1.0
2018-07-06 09:00:00,0706,520263,50909,8,1.0,50909,20,1,0.5598705052776731
2018-07-06 21:00:00,0706,604760H,50240,17,3.0,50240,16,0,-1.0
2018-07-06 22:00:00,0706,603522H,50911,13,1.0,50911,21,0,-1.0
2018-07-06 19:00:00,0706,604832H,50267,14,2.0,50267,21,4,0.5171266920757551
2018-07-06 11:00:00,0706,604773H,50261,9,2.0,50841,21,2,0.2349396143432073
2018-07-06 21:00:00,0706,603548,50692,3,2.0,50692,21,0,-1.0
2018-07-06 07:00:00,0706,601535,50230,0,2.0,50692,22,2,0.2709142959909064
2018-07-06 07:00:00,0706,601535,50266,10,1.0,50692,22,2,0.3364053564786949
2018-07-06 09:00:00,0706,603912,50840,6,3.0,50692,23,9,0.5679846678040912
2018-07-06 00:00:00,0706,605931,50911,13,2.0,50911,23,0,-1.0
2018-07-06 17:00:00,0706,603990,50911,13,2.0,50911,16,0,-1.0
2018-07-06 22:00:00,0706,604900H,50266,10,2.0,50266,21,0,-1.0
2018-07-06 09:00:00,0706,603522H,50269,12,2.0,50911,15,10,0.601995963436628
2018-07-06 05:00:00,0706,605084H,50911,13,1.0,50911,5,0,-1.0
2018-07-06 15:00:00,0706,605079H,50692,3,1.0,50692,15,0,-1.0
2018-07-06 16:00:00,0706,603912,50692,3,2.0,50692,15,0,-1.0
2018-07-06 02:00:00,0706,603548,50692,3,4.0,50692,2,0,-1.0
2018-07-06 02:00:00,0706,607856,50349,7,2.0,50349,2,0,-1.0
2018-07-06 09:00:00,0706,604738H,51198,5,2.0,50268,2,2,0.6317549370608424
2018-07-06 18:00:00,0706,605084H,51200,15,1.0,50911,3,2,0.4176290425613891
2018-07-06 10:00:00,0706,604620H,50692,3,1.0,50349,2,8,0.5273480618014967
2018-07-06 09:00:00,0706,604761H,51199,1,1.0,50911,9,0,0.5759209434066636
2018-07-06 10:00:00,0706,602814,50263,11,2.0,50911,9,4,0.549644057417307
2018-07-06 11:00:00,0706,607289,50269,12,4.0,50269,5,0,-1.0
2018-07-06 06:00:00,0706,607670,50230,0,1.0,50911,10,1,0.4680974781786757
2018-07-06 14:00:00,0706,603904,50675,18,2.0,50911,11,1,0.3096755138946216
2018-07-06 22:00:00,0706,606620,50911,13,1.0,50911,11,0,-1.0
2018-07-06 13:00:00,0706,604761H,50349,7,2.0,50349,12,0,-1.0
2018-07-06 22:00:00,0706,604760H,50240,17,2.0,50240,12,0,-1.0
2018-07-06 00:00:00,0706,604832H,50266,10,2.0,50267,13,1,0.0086020976081839
2018-07-06 13:00:00,0706,604900H,50266,10,1.0,50266,13,0,-1.0
2018-07-06 21:00:00,0706,606523,51087,4,3.0,51087,10,0,-1.0
2018-07-06 11:00:00,0706,518475,51200,15,2.0,50911,14,1,0.2993346181318576
2018-07-06 17:00:00,0706,604758H,50263,11,1.0,50263,14,0,-1.0
2018-07-06 10:00:00,0706,604730H,50338,16,2.0,50263,14,0,0.5795724987820202
2018-07-06 13:00:00,0706,604745H,51200,15,1.0,51200,13,0,-1.0
2018-07-06 07:00:00,0706,605079H,50240,17,1.0,50692,13,8,0.3444824832672976
2018-07-06 13:00:00,0706,604903H,50266,10,1.0,50266,13,0,-1.0
2018-07-06 18:00:00,0706,604758H,50909,8,2.0,50263,13,0,0.4424616156776313
2018-07-06 19:00:00,0706,601535,50675,18,3.0,50692,14,2,0.4676615677029948
2018-07-06 15:00:00,0706,604836H,50269,12,2.0,50269,13,0,-1.0
2018-07-06 18:00:00,0706,605931,50269,12,2.0,50349,15,1,0.4455802587743564
2018-07-06 10:00:00,0706,604832H,50268,19,2.0,50267,21,0,0.647755810101144
2018-07-06 12:00:00,0706,604758H,50266,10,1.0,50263,15,2,0.3578685737484733
2018-07-06 19:00:00,0706,604749H,51200,15,2.0,51199,15,0,0.5488324799724945
2018-07-06 21:00:00,0706,607670,50349,7,2.0,50911,16,2,0.254271319952194
2018-07-06 05:00:00,0706,604895H,50349,7,3.0,50267,16,2,0.1221739313766071
2018-07-06 13:00:00,0706,604771H,50240,17,1.0,50240,16,2,0.2120400575034331
2018-07-06 00:00:00,0706,605642,50911,13,3.0,50911,16,0,-1.0
2018-07-06 10:00:00,0706,603906,50841,2,1.0,50841,21,0,0.6561162280935388
2018-07-06 19:00:00,0706,601535,51199,1,3.0,50692,21,0,0.6305239107320048
2018-07-06 21:00:00,0706,604773H,50841,2,1.0,50841,21,0,-1.0
2018-07-06 15:00:00,0706,604804H,50230,0,2.0,50230,15,0,-1.0
2018-07-06 13:00:00,0706,604749H,51199,1,2.0,51199,13,0,-1.0
2018-07-06 08:00:00,0706,604761H,50349,7,1.0,50349,13,1,0.4027858658503472
2018-07-06 12:00:00,0706,604902H,50261,9,2.0,50261,12,0,-1.0
2018-07-06 09:00:00,0706,520263,51087,4,1.0,50909,12,0,0.6917742090808687
2018-07-06 18:00:00,0706,605931,50268,19,2.0,50349,1,0,0.4278457551702789
2018-07-06 02:00:00,0706,607263,50349,7,2.0,50349,2,0,-1.0
2018-07-06 18:00:00,0706,607289,50841,2,4.0,50269,3,0,0.5748850293496873
2018-07-06 05:00:00,0706,602814,50349,7,1.0,50349,5,0,-1.0
2018-07-06 18:00:00,0706,605432,51199,1,3.0,51087,7,0,0.5829630391297768
2018-07-06 00:00:00,0706,607083,50911,13,3.0,50911,8,0,-1.0
2018-07-06 00:00:00,0706,604748H,51087,4,2.0,51087,8,0,-1.0
2018-07-06 19:00:00,0706,604745H,50261,9,2.0,51199,8,0,0.5050218716205154
2018-07-06 11:00:00,0706,604728H,51198,5,2.0,51198,9,0,-1.0
2018-07-06 12:00:00,0706,518009,50840,6,2.0,50911,1,0,0.4846805868053569
2018-07-06 22:00:00,0706,606941,50911,13,1.0,50911,10,0,-1.0
2018-07-06 11:00:00,0706,604726H,50692,3,1.0,51200,9,10,0.4370133001639604
2018-07-06 17:00:00,0706,604758H,50263,11,2.0,50263,12,0,-1.0
2018-07-06 00:00:00,0706,603522H,50911,13,2.0,50911,12,0,-1.0
2018-07-06 05:00:00,0706,604727H,50240,17,1.0,50261,12,1,0.1551707413708533
2018-07-06 12:00:00,0706,604773H,50841,2,2.0,50841,12,0,-1.0
2018-07-06 23:00:00,0706,601555,50911,13,1.0,50911,11,0,-1.0
2018-07-06 11:00:00,0706,604739H,51200,15,1.0,51200,11,0,-1.0
2018-07-06 11:00:00,0706,604895H,50267,14,2.0,50267,11,0,-1.0
2018-07-06 12:00:00,0706,604758H,50675,18,2.0,50263,10,0,0.5977959585231889
2018-07-06 01:00:00,0706,604760H,50240,17,2.0,50240,11,0,0.0646240782407142
2018-07-07 21:00:00,0707,518009,50911,13,3.0,50911,18,0,-1.0
2018-07-07 12:00:00,0707,604733H,50840,6,1.0,51199,14,10,0.8151716360042488
2018-07-07 17:00:00,0707,604804H,50268,19,2.0,50230,15,1,0.1781589993517205
2018-07-07 22:00:00,0707,604749H,50338,16,1.0,51200,15,9,0.0225560369454111
2018-07-07 15:00:00,0707,605074H,50268,19,1.0,50911,16,1,0.2832488808332466
2018-07-07 16:00:00,0707,604771H,50268,19,2.0,50240,16,1,0.25421226153563
2018-07-07 20:00:00,0707,606620,50268,19,1.0,50911,16,9,0.3904559837321303
2018-07-07 16:00:00,0707,604735H,50268,19,1.0,50268,16,0,-1.0
2018-07-07 12:00:00,0707,604800H,50267,14,2.0,50911,19,10,0.7796540167303596
2018-07-07 12:00:00,0707,605432,50841,2,1.0,50911,20,10,0.749799513613559
2018-07-07 20:00:00,0707,606363,50909,8,4.0,50909,20,0,-1.0
2018-07-07 12:00:00,0707,601535,50338,16,2.0,50840,20,10,0.769677514420589
2018-07-07 20:00:00,0707,603906,50841,2,1.0,50841,20,0,-1.0
2018-07-07 12:00:00,0707,604903H,50261,9,2.0,50266,20,10,0.8207608574084233
2018-07-07 12:00:00,0707,605432,50230,0,3.0,50911,21,3,0.6477188437915382
2018-07-07 21:00:00,0707,605235,51087,4,1.0,51087,21,0,-1.0
2018-07-07 20:00:00,0707,604900H,50268,19,1.0,50266,21,3,0.1077933020152922
2018-07-07 12:00:00,0707,605235,50269,12,1.0,50911,22,10,0.7484021659538653
2018-07-07 12:00:00,0707,604904H,51199,1,3.0,51198,14,10,0.7787604965021594
2018-07-07 21:00:00,0707,605079H,50692,3,1.0,50692,19,0,-1.0
2018-07-07 10:00:00,0707,604745H,50267,14,2.0,51199,14,10,0.2865342223336691
2018-07-07 06:00:00,0707,604804H,51087,4,1.0,50230,12,5,0.3060961042322845
2018-07-07 14:00:00,0707,601535,50692,3,2.0,50692,14,0,-1.0
2018-07-07 12:00:00,0707,606789,50909,8,2.0,50909,6,9,0.7836064736408681
2018-07-07 21:00:00,0707,607289,50675,18,2.0,50269,14,9,0.2124368570495087
2018-07-07 07:00:00,0707,518475,50911,13,3.0,50911,7,0,-1.0
2018-07-07 18:00:00,0707,604804H,50675,18,2.0,50230,9,3,0.3959560814696843
2018-07-07 10:00:00,0707,604758H,50263,11,1.0,50263,9,0,-1.0
2018-07-07 21:00:00,0707,607224,50349,7,2.0,50349,10,0,-1.0
2018-07-07 12:00:00,0707,601555,50230,0,1.0,50911,10,3,0.1922454795741522
2018-07-07 10:00:00,0707,604801H,51198,5,2.0,51087,10,10,0.3474185320905338
2018-07-07 10:00:00,0707,604750H,50230,0,2.0,50230,10,0,-1.0
2018-07-07 10:00:00,0707,520263,50261,9,3.0,50909,11,2,0.4251165713406686
2018-07-07 12:00:00,0707,604730H,51198,5,2.0,50263,9,10,0.7478568255941973
2018-07-07 07:00:00,0707,604739H,50349,7,2.0,51199,11,9,0.2423112093442739
2018-07-07 12:00:00,0707,604745H,51200,15,1.0,51200,11,10,0.7310548235508241
2018-07-07 12:00:00,0707,603906,50841,2,2.0,50841,12,4,0.661498189861029
2018-07-07 21:00:00,0707,602875,50349,7,2.0,50349,12,0,-1.0
2018-07-07 18:00:00,0707,604832H,50267,14,2.0,50267,13,2,0.3290022976682569
2018-07-07 10:00:00,0707,604758H,51200,15,1.0,50263,13,9,0.4394914396604218
2018-07-07 13:00:00,0707,604749H,50840,6,2.0,51198,13,10,0.4453219851692038
2018-07-07 13:00:00,0707,604761H,51087,4,1.0,50349,13,8,0.4122614192076623
2018-07-07 13:00:00,0707,604726H,51200,15,2.0,51200,13,0,-1.0
2018-07-07 18:00:00,0707,604730H,50909,8,1.0,50263,13,10,0.3809670415598396
2018-07-07 19:00:00,0707,604760H,50240,17,2.0,50240,11,0,-1.0
2018-07-07 21:00:00,0707,607294,50911,13,2.0,50911,17,0,-1.0
2018-07-07 18:00:00,0707,607294,51199,1,2.0,51087,17,9,0.4596949559760251
2018-07-07 10:00:00,0707,518475,50692,3,1.0,50911,17,7,0.4070738898602131
2018-07-07 20:00:00,0707,604775H,50675,18,1.0,50263,17,2,0.3327184417061893
2018-07-07 17:00:00,0707,604730H,50263,11,2.0,50263,17,0,-1.0
2018-07-07 12:00:00,0707,604836H,50268,19,3.0,50269,15,0,0.6894858263337867
2018-07-07 14:00:00,0707,604771H,51087,4,1.0,50240,16,6,0.3370076519100987
2018-07-07 21:00:00,0707,607263,50240,17,1.0,50911,16,10,0.2287876515991121
2018-07-07 12:00:00,0707,604726H,51200,15,2.0,51200,15,0,0.5577172954502743
2018-07-07 22:00:00,0707,607855,50911,13,2.0,50911,18,0,-1.0
2018-07-07 16:00:00,0707,520263,50909,8,2.0,50909,16,0,-1.0
2018-07-07 05:00:00,0707,519287,50261,9,1.0,50911,19,5,0.0472299230010401
2018-07-07 13:00:00,0707,603912,50266,10,2.0,50692,22,10,0.5096086522657549
2018-07-07 10:00:00,0707,603522H,50266,10,2.0,50911,19,4,0.4249286506061284
2018-07-07 18:00:00,0707,601159,50675,18,3.0,50911,19,5,0.3312464284588005
2018-07-07 10:00:00,0707,605079H,50840,6,1.0,50692,20,6,0.5518834362175163
2018-07-07 20:00:00,0707,604773H,50841,2,1.0,50841,20,0,-1.0
2018-07-07 05:00:00,0707,607289,50349,7,2.0,50269,20,10,0.0631221144494086
2018-07-07 22:00:00,0707,519392,50911,13,1.0,50911,21,0,-1.0
2018-07-07 10:00:00,0707,603906,50841,2,2.0,50841,21,0,0.5803653154511823
2018-07-07 18:00:00,0707,604903H,50266,10,1.0,50266,21,5,0.4762350569271547
2018-07-07 13:00:00,0707,604796H,50269,12,2.0,50267,21,8,0.581050112457662
2018-07-07 13:00:00,0707,603912,50911,13,2.0,50692,22,8,0.5294605551507237
2018-07-07 22:00:00,0707,518475,50692,3,1.0,50911,15,8,0.0686394902050323
2018-07-07 14:00:00,0707,515623,50841,2,3.0,50911,23,0,0.548785324095849
2018-07-07 22:00:00,0707,605079H,50692,3,1.0,50692,19,0,-1.0
2018-07-07 15:00:00,0707,604804H,50230,0,2.0,50230,15,0,-1.0
2018-07-07 11:00:00,0707,604900H,50240,17,1.0,50266,21,4,0.3225118553365712
2018-07-07 14:00:00,0707,604733H,51198,5,2.0,51200,15,2,0.5566973603815232
2018-07-07 10:00:00,0707,604749H,51199,1,1.0,51199,15,0,0.568838410995674
2018-07-07 06:00:00,0707,606789,50909,8,3.0,50909,6,0,-1.0
2018-07-07 15:00:00,0707,604748H,50266,10,3.0,51087,8,3,0.2658689005105296
2018-07-07 18:00:00,0707,606620,50230,0,2.0,50349,9,10,0.5064203944149386
2018-07-07 03:00:00,0707,607289,50269,12,3.0,50269,3,0,-1.0
2018-07-07 18:00:00,0707,600963,50841,2,2.0,50675,9,0,0.5448654289237357
2018-07-07 09:00:00,0707,604804H,50230,0,1.0,50230,9,0,-1.0
2018-07-07 21:00:00,0707,604745H,50230,0,1.0,51199,10,2,0.2453868182186114
2018-07-07 14:00:00,0707,604739H,50261,9,2.0,51198,10,2,0.5334977076917902
2018-07-07 20:00:00,0707,604899H,50230,0,2.0,50267,11,2,0.3393035215666728
2018-07-07 22:00:00,0707,601555,51087,4,2.0,51087,11,0,-1.0
2018-07-07 14:00:00,0707,603902,50338,16,3.0,50269,11,0,0.5389763119113107
2018-07-07 11:00:00,0707,604904H,51199,1,1.0,51199,11,0,-1.0
2018-07-07 21:00:00,0707,604771H,50240,17,2.0,50240,11,0,-1.0
2018-07-07 07:00:00,0707,604895H,50267,14,1.0,50267,7,0,-1.0
2018-07-07 12:00:00,0707,604749H,51200,15,2.0,51200,12,0,-1.0
2018-07-07 08:00:00,0707,605079H,50240,17,1.0,50692,12,10,0.348949051806136
2018-07-07 16:00:00,0707,604758H,50263,11,1.0,50263,15,0,-1.0
2018-07-07 18:00:00,0707,603902,50338,16,3.0,50269,15,0,0.4366182907730213
2018-07-07 11:00:00,0707,604728H,50692,3,1.0,51199,15,6,0.3766348860872984
2018-07-07 18:00:00,0707,604758H,51200,15,2.0,50263,13,0,0.5735276530557964
2018-07-07 14:00:00,0707,604832H,50267,14,1.0,50267,13,0,-1.0
2018-07-07 16:00:00,0707,603902,50269,12,2.0,50269,15,0,-1.0
2018-07-07 03:00:00,0707,604761H,50263,11,2.0,50349,12,1,0.0388845168791518
2018-07-07 17:00:00,0707,604900H,50266,10,2.0,50266,12,0,-1.0
2018-07-07 13:00:00,0707,604804H,50230,0,2.0,50230,12,0,-1.0
2018-07-07 13:00:00,0707,604745H,51199,1,2.0,51199,12,0,-1.0
2018-07-07 06:00:00,0707,603522H,50230,0,2.0,50911,12,1,0.3298150070643421
2018-07-07 19:00:00,0707,603902,50263,11,3.0,50269,13,10,0.4008488623326678
