-5.892048031091690063e-02	5.866357605555094779e-05	-3.253338336944580078e-01	-2.077138778986409307e-04	2.362139930482953787e-04	-8.555838576285168529e-06	-5.811501760035753250e-04	-4.185825213789939880e-02	2.308790385723114014e-01	7.375565916299819946e-02	1.877841277746483684e-04	3.298956155776977539e-02	-1.286155581474304199e-01	2.401842325925827026e-01	4.583929851651191711e-02	-1.068338751792907715e-04	-1.713102310895919800e-02	-3.037305432371795177e-04	5.588998101302422583e-05	3.765475749969482422e-02	-1.548132713651284575e-04	-2.080292761093005538e-04	2.030063867568969727e-01	-1.160234808921813965e-01	1.639166111999657005e-05	4.627970338333398104e-04	1.240046685779816471e-06	1.760217273840680718e-04	-2.313876338303089142e-02	-3.708980605006217957e-02	-3.171130083501338959e-03	4.528042301535606384e-02	-2.327633351087570190e-01	9.423321898793801665e-05	-3.482545539736747742e-02	-1.451894175261259079e-02	5.225694775581359863e-01	-1.076468601822853088e-01	4.736169800162315369e-02	-2.497174963355064392e-02	5.713744554668664932e-03	-7.040747004793956876e-05	-6.734951864928007126e-03	-1.518759836471872404e-05	-2.765761164482682943e-04	-4.989062435925006866e-04	1.788228452205657959e-01	-2.001099586486816406e-01	6.859616190195083618e-02	4.344491117080906406e-06	9.492715616943314672e-05	-2.928476035594940186e-02	-5.083611607551574707e-02	-1.049312483519315720e-02	-4.514172673225402832e-01	2.382408678531646729e-01	-3.788481990341097116e-05	-8.014960587024688721e-02	-8.012404665350914001e-03	4.352962970733642578e-02
-2.389782853424549103e-02	-3.778146638069301844e-04	-1.699395179748535156e-01	3.517275035846978426e-04	6.083497646613977849e-05	1.429994445061311126e-04	4.701976649812422693e-05	1.868534982204437256e-01	-2.472003549337387085e-01	-6.154011189937591553e-02	-3.815849777311086655e-05	1.212329715490341187e-01	2.681570351123809814e-01	2.633354067802429199e-01	4.132805392146110535e-02	9.473551763221621513e-04	2.154352217912673950e-01	7.913898298284038901e-05	5.649956437991932034e-05	1.044945791363716125e-02	-4.837421874981373549e-04	4.257068576407618821e-05	7.220773398876190186e-02	-1.544514298439025879e-02	-2.928415824499097653e-06	-1.488804118707776070e-04	8.931247430155053735e-05	-7.480731255782302469e-06	9.936295449733734131e-02	1.804750859737396240e-01	8.078628778457641602e-02	1.391250640153884888e-01	2.057771086692810059e-01	-1.357614091830328107e-04	-1.414386332035064697e-01	-3.931540250778198242e-02	2.130375355482101440e-01	-1.825079619884490967e-01	2.557381987571716309e-01	7.741033565253019333e-03	1.569662392139434814e-01	6.762928933312650770e-06	-1.083379089832305908e-01	1.588439045008271933e-05	3.479710721876472235e-04	-2.558528503868728876e-04	1.487021893262863159e-01	-9.821754693984985352e-02	-1.478463113307952881e-01	-1.790285023162141442e-05	6.173316069180145860e-05	2.383968681097030640e-01	-2.159586846828460693e-01	-1.871573328971862793e-01	2.486493140459060669e-01	-6.668309867382049561e-02	9.805804438656195998e-06	1.105908378958702087e-01	2.722717821598052979e-01	-6.000305712223052979e-02
-8.994293212890625000e-02	1.452014403184875846e-04	-1.841948926448822021e-01	-1.941253140103071928e-05	2.559887252573389560e-05	-1.696867111604660749e-04	-2.011910779401659966e-03	-9.777125716209411621e-02	2.308061569929122925e-01	1.320860534906387329e-01	1.004656543955206871e-03	8.012864738702774048e-02	1.814865171909332275e-01	1.998888850212097168e-01	-1.728299856185913086e-01	-1.833087153499945998e-04	4.597619548439979553e-02	9.013983799377456307e-05	-1.757318968884646893e-04	-4.325072839856147766e-02	4.882524808635935187e-05	1.240726094692945480e-03	-2.896895408630371094e-01	1.879795491695404053e-01	7.875236042309552431e-05	-6.799463153583928943e-05	-4.636715166270732880e-04	5.137015250511467457e-06	3.946726918220520020e-01	4.249450564384460449e-02	5.569278448820114136e-02	9.823834151029586792e-02	1.949744820594787598e-01	-1.196861825883388519e-02	-2.609802223742008209e-02	-9.421196579933166504e-02	3.076802492141723633e-01	-4.363948479294776917e-02	-2.143379151821136475e-01	2.718223035335540771e-01	7.511672377586364746e-02	-5.681769107468426228e-04	-3.124734945595264435e-02	-7.193540659500285983e-05	-7.398535497486591339e-03	-1.555164111778140068e-03	1.874227076768875122e-01	-1.412681490182876587e-01	1.301967799663543701e-01	4.646908782888203859e-04	-3.098967135883867741e-04	-4.159751161932945251e-02	6.933051627129316330e-04	2.206733524799346924e-01	9.916013479232788086e-02	-2.504809200763702393e-01	2.895570069085806608e-04	-8.332211524248123169e-02	2.926492691040039062e-02	-3.635814785957336426e-02
1.347256004810333252e-01	6.739129777997732162e-03	1.817879676818847656e-01	2.306550595676526427e-04	3.750245014089159667e-05	2.273742109537124634e-03	-3.807902612606994808e-05	6.828333437442779541e-02	1.028893440961837769e-01	-3.165328502655029297e-02	-7.642040960490703583e-03	4.849523678421974182e-02	7.528544869273900986e-03	1.922256685793399811e-02	1.388299316167831421e-01	-7.254435215145349503e-03	-2.089092880487442017e-01	3.543252358213067055e-03	-7.124598050722852349e-05	-1.099614575505256653e-01	1.389311440289020538e-02	2.809794677887111902e-04	2.488346844911575317e-01	-8.516765385866165161e-02	-4.711489964392967522e-05	-1.962467649718746543e-05	-2.515650819987058640e-03	-1.438913568563293666e-05	8.456934243440628052e-03	-1.717481762170791626e-01	-3.719007596373558044e-02	1.092748492956161499e-01	2.070382088422775269e-01	-1.800038444343954325e-04	-1.314189136028289795e-01	-1.606335043907165527e-01	2.658253014087677002e-01	4.968817159533500671e-02	-8.061183243989944458e-02	-1.849027127027511597e-01	2.655393676832318306e-03	-6.428511696867644787e-04	-1.873048990964889526e-01	3.351667828610516153e-06	2.466156729497015476e-04	2.240742323920130730e-04	-4.297005534172058105e-01	-1.010486260056495667e-01	1.334500014781951904e-01	4.637845631805248559e-05	2.403459511697292328e-03	-2.343625873327255249e-01	1.193164847791194916e-02	-1.435857862234115601e-01	3.378336429595947266e-01	-1.968671083450317383e-01	1.268667401745915413e-04	3.063299506902694702e-02	9.431732469238340855e-04	-2.555319666862487793e-01
-8.708053082227706909e-02	-2.485748846083879471e-03	-8.715125173330307007e-02	-2.501105191186070442e-03	-1.193800471810391173e-05	9.154025610769167542e-05	-5.049028914072550833e-05	-3.986689448356628418e-02	2.354059964418411255e-01	1.581833660602569580e-01	-1.807154512789566070e-05	9.969834983348846436e-02	2.777907550334930420e-01	-6.900333613157272339e-02	-1.893971413373947144e-01	4.290121607482433319e-03	2.116857282817363739e-02	-2.227457705885171890e-03	4.318042556405998766e-05	-5.388186499476432800e-02	-2.871283868444152176e-05	-1.037493129842914641e-04	-2.572227120399475098e-01	9.387658536434173584e-02	5.133900558575987816e-04	4.615433499566279352e-05	3.135079750791192055e-03	7.028749678283929825e-04	4.833541810512542725e-02	6.408320367336273193e-02	2.438329160213470459e-01	9.983726590871810913e-02	2.617208659648895264e-01	-2.893803757615387440e-04	-7.236108928918838501e-02	-1.481677638366818428e-03	3.289596736431121826e-01	-4.421821609139442444e-02	-3.099956177175045013e-02	-2.752118110656738281e-01	3.206902742385864258e-02	5.095506639918312430e-05	9.005608409643173218e-02	8.621026609034743160e-06	-1.837188319768756628e-04	-2.347685040149372071e-05	1.609087437391281128e-01	2.879735827445983887e-01	-2.060778737068176270e-01	-1.070099551725434139e-05	-2.193443469877820462e-05	-1.513655036687850952e-01	1.191080510616302490e-01	-1.143791824579238892e-01	2.626900374889373779e-01	5.341490730643272400e-02	1.335553588432958350e-05	5.032935738563537598e-02	2.430679649114608765e-01	-1.269820481538772583e-01
-1.886425353586673737e-02	-4.684485975303687155e-05	-1.937476843595504761e-01	-8.879283996066078544e-05	-1.323374453932046890e-05	-1.617797897779382765e-05	-1.516957490821368992e-05	2.146652936935424805e-01	1.971783339977264404e-01	1.355925053358078003e-01	-1.643667815187654924e-06	-3.582400456070899963e-02	2.052202373743057251e-01	2.730963826179504395e-01	5.187719687819480896e-02	-1.216919336002320051e-04	1.569058448076248169e-01	4.005641676485538483e-05	-2.144972086171037517e-06	-1.023770943284034729e-01	-9.784838766790926456e-05	-8.854106272337958217e-05	1.514235287904739380e-01	2.366083413362503052e-01	6.755844424333190545e-06	1.838477328419685364e-05	1.296033315156819299e-05	-5.756681730417767540e-06	3.084644302725791931e-02	2.545852661132812500e-01	1.120679453015327454e-02	1.372073590755462646e-01	1.665723323822021484e-02	1.060379290720447898e-04	-8.352833986282348633e-02	9.777425788342952728e-03	3.331696391105651855e-01	2.118289172649383545e-01	-2.506947219371795654e-01	-2.106709629297256470e-01	-4.790326952934265137e-02	5.761452939623268321e-06	6.754960864782333374e-02	2.248317468911409378e-05	-7.814935997885186225e-06	-4.075020115124061704e-05	1.355174332857131958e-01	-1.206305250525474548e-01	-1.025409847497940063e-01	-1.017496560962172225e-05	1.500811413279734552e-05	-7.538022100925445557e-02	-1.684114784002304077e-01	-1.778068989515304565e-01	1.848281770944595337e-01	-1.000323668122291565e-01	-2.055274126178119332e-05	1.802555769681930542e-01	-2.222480028867721558e-01	-1.640186011791229248e-01
-4.394418001174926758e-02	1.345289783785119653e-04	-2.149171233177185059e-01	-1.704772002995014191e-04	-4.315878031775355339e-04	-5.706379670300520957e-05	1.510140737082110718e-05	1.195643767714500427e-01	1.904708594083786011e-01	1.379300057888031006e-01	-5.067215897724963725e-05	5.884379893541336060e-02	2.010439485311508179e-01	-5.456103384494781494e-02	2.795105278491973877e-01	-7.822715997463092208e-05	-1.440089941024780273e-01	3.212725860066711903e-04	1.325602497672662139e-04	-1.313774287700653076e-01	-1.853134017437696457e-03	-2.647532382979989052e-04	1.229461804032325745e-01	2.218942940235137939e-01	2.627379399200435728e-05	5.733160651288926601e-04	-9.986179975385311991e-06	1.751725358190014958e-05	-2.581129968166351318e-02	-2.853948771953582764e-01	1.914405226707458496e-01	1.384989470243453979e-01	7.065447419881820679e-02	1.284710597246885300e-04	-1.210113167762756348e-01	-8.548857877030968666e-04	3.285761177539825439e-01	2.115867286920547485e-01	1.059023588895797729e-01	2.523048818111419678e-01	-1.064270958304405212e-01	7.621286204084753990e-05	7.415731251239776611e-02	8.377707563340663910e-04	6.233705789782106876e-04	2.273106016218662262e-03	1.398230046033859253e-01	-1.783033162355422974e-01	-1.403576508164405823e-02	-8.175206603482365608e-04	4.012622594018466771e-05	-1.077426671981811523e-01	4.485886543989181519e-02	2.316779047250747681e-01	3.220347762107849121e-01	4.480395466089248657e-02	-6.562519120052456856e-04	9.544520080089569092e-02	4.315188527107238770e-02	-1.318995803594589233e-01
-3.063980489969253540e-02	-7.796645164489746094e-03	-1.540522426366806030e-01	-2.296186983585357666e-03	-1.405128743499517441e-03	8.938470273278653622e-06	1.400309265591204166e-03	1.518331319093704224e-01	-6.091265007853507996e-02	5.891671776771545410e-02	-3.764588109333999455e-05	2.376255840063095093e-01	-1.158317327499389648e-01	2.561178505420684814e-01	-2.201826125383377075e-01	1.498176343739032745e-02	1.377897709608078003e-01	2.139612799510359764e-03	9.527008660370483994e-05	5.056010559201240540e-02	-2.161712473025545478e-04	6.904498150106519461e-05	1.839764863252639771e-01	2.040183842182159424e-01	1.069144218490691856e-05	3.538350574672222137e-05	4.191685002297163010e-05	-9.473901627643499523e-06	-9.654855728149414062e-02	-1.378478109836578369e-01	1.354271620512008667e-01	2.507871985435485840e-01	1.500416845083236694e-01	-1.003647485049441457e-04	3.012553229928016663e-02	3.725678026676177979e-01	8.495997637510299683e-02	1.090488135814666748e-01	-1.550049185752868652e-01	1.198746562004089355e-01	-8.671040087938308716e-02	4.895877736998954788e-06	3.698577731847763062e-02	1.309546951233642176e-05	-7.753891622996889055e-06	5.790908820927143097e-03	1.605828404426574707e-01	-1.728451550006866455e-01	1.362866461277008057e-01	2.941308077424764633e-03	1.414670077792834491e-05	1.615825295448303223e-01	-1.581706106662750244e-01	-1.561954170465469360e-01	2.948046624660491943e-01	-1.758755147457122803e-01	1.904732471302850172e-06	1.459265798330307007e-01	1.365394294261932373e-01	1.343963593244552612e-01
-4.977223277091979980e-02	-5.624295445159077644e-04	1.761579215526580811e-01	-9.743947302922606468e-04	2.150507178157567978e-03	6.624450907111167908e-05	5.603393583442084491e-05	-1.514951437711715698e-01	-8.699789643287658691e-03	1.275853663682937622e-01	-4.444469232112169266e-03	3.522052243351936340e-02	1.605620831251144409e-01	-8.902140706777572632e-02	-4.159522801637649536e-02	-8.875464554876089096e-04	2.007488161325454712e-01	-1.501413900405168533e-02	7.255029864609241486e-03	3.418729603290557861e-01	4.342523403465747833e-03	1.268311310559511185e-02	2.650212645530700684e-01	1.612178515642881393e-03	-2.511619823053479195e-05	1.296477130381390452e-04	-4.177948576398193836e-04	-2.285473601659759879e-05	1.374367773532867432e-01	-2.689536213874816895e-01	-1.924043893814086914e-01	6.296079605817794800e-02	6.529597938060760498e-02	-2.770229708403348923e-03	-1.666186004877090454e-01	1.974637247622013092e-02	2.847512066364288330e-01	-1.229291409254074097e-01	-1.186850666999816895e-01	-6.298816949129104614e-02	-1.217093318700790405e-01	-3.072877298109233379e-04	-3.612696425989270210e-03	1.572409814798447769e-06	-1.607041805982589722e-02	-3.416760824620723724e-03	2.074533253908157349e-01	1.384977996349334717e-01	1.348424851894378662e-01	3.161610220558941364e-04	1.191733099403791130e-04	-2.807251214981079102e-01	-1.867896914482116699e-01	-1.415958851575851440e-01	2.508941292762756348e-01	-2.528434395790100098e-01	1.265337050426751375e-04	4.364660754799842834e-02	1.602819561958312988e-01	3.745998488739132881e-03
-4.299656674265861511e-02	1.216529216617345810e-02	-1.708560883998870850e-01	-7.999871741048991680e-04	7.409377139993011951e-04	6.689248606562614441e-03	-1.298046990996226668e-04	1.596371978521347046e-01	6.395248323678970337e-02	2.724817022681236267e-02	-3.561595221981406212e-04	-4.443087801337242126e-02	2.269985079765319824e-01	3.387006521224975586e-01	-4.522693529725074768e-02	-7.433982100337743759e-03	6.414633244276046753e-02	-2.823746472131460905e-04	-5.032072658650577068e-04	-8.248475939035415649e-02	-2.565375529229640961e-03	-1.617890782654285431e-03	2.599825561046600342e-01	-1.132797226309776306e-01	6.841916183475404978e-05	-4.912141594104468822e-04	-4.796080611413344741e-05	2.463464079482946545e-05	-2.944435924291610718e-02	-8.816827833652496338e-02	7.662174105644226074e-02	-4.351388812065124512e-01	1.178235094994306564e-02	1.859364332631230354e-03	2.344415336847305298e-01	-1.821948960423469543e-02	-1.332809627056121826e-01	-1.537233740091323853e-01	-2.370158731937408447e-01	9.033962339162826538e-02	1.914151608943939209e-01	1.769443624652922153e-04	-3.868003934621810913e-02	2.264877002744469792e-05	-4.090507049113512039e-03	-1.872895285487174988e-03	1.652045696973800659e-01	-1.753941178321838379e-01	1.106103435158729553e-01	-6.461924058385193348e-04	5.566883482970297337e-04	7.709527015686035156e-02	-1.589634567499160767e-01	-1.103628650307655334e-01	3.499659001827239990e-01	-1.795780807733535767e-01	-1.071005361154675484e-03	1.118735037744045258e-02	-5.797855556011199951e-02	-4.119203612208366394e-02
-9.347267448902130127e-02	2.040516847046092153e-05	-1.904129832983016968e-01	-1.282089488086057827e-05	5.760368367191404104e-06	-5.507707101060077548e-06	-1.251467529073124751e-05	-8.760532736778259277e-02	1.796014904975891113e-01	1.092314273118972778e-01	-7.483510216843569651e-06	-2.305813506245613098e-02	-1.136974096298217773e-01	2.235933691263198853e-01	9.143535047769546509e-02	-2.263774949824437499e-04	-3.005681931972503662e-01	2.605740737635642290e-04	3.317177061035181396e-06	-6.226035580039024353e-02	3.015271795447915792e-05	7.533722055086400360e-06	2.202210426330566406e-01	-2.225000783801078796e-02	4.782203541253693402e-05	3.482986357994377613e-05	6.659977225353941321e-05	2.114585913659539074e-05	-1.705329716205596924e-01	1.583625078201293945e-01	6.004360318183898926e-02	7.658878713846206665e-02	3.211810886859893799e-01	-3.673282481031492352e-05	-1.269766539335250854e-01	-1.887225657701492310e-01	3.158926069736480713e-01	-1.862874925136566162e-01	-2.152829319238662720e-01	-1.503101084381341934e-03	2.249452099204063416e-02	8.386063200305216014e-06	-7.363294064998626709e-02	-2.750928069872315973e-05	1.489646911068120971e-05	-1.444360677851364017e-04	1.757792532444000244e-01	-1.308906376361846924e-01	7.572504132986068726e-02	-3.741750697372481227e-05	-9.929278348863590509e-06	-1.656076461076736450e-01	4.681459814310073853e-02	1.908724457025527954e-01	2.616699635982513428e-01	-1.868025362491607666e-01	2.144199970643967390e-05	-1.887883096933364868e-01	5.644249543547630310e-02	1.442770510911941528e-01
-8.493400365114212036e-02	7.620110409334301949e-05	-1.896857023239135742e-01	-2.955538802780210972e-04	-8.786961552686989307e-05	-6.757851451766327955e-07	-4.672679278883151710e-05	-6.427284795790910721e-03	2.457852065563201904e-01	1.121857315301895142e-01	8.101017010631039739e-05	7.898449152708053589e-02	2.624439001083374023e-01	-1.011289656162261963e-01	-3.774132579565048218e-02	2.548038901295512915e-04	4.477948322892189026e-02	-3.524880739860236645e-04	-6.972699338803067803e-05	-1.398440003395080566e-01	-8.241924457252025604e-03	-3.860096694552339613e-05	-3.268689811229705811e-01	2.256986312568187714e-02	-1.026649169943993911e-05	-8.989257185021415353e-05	-1.660482485021930188e-05	1.788666122592985630e-05	-1.910733729600906372e-01	1.048228964209556580e-01	1.303416043519973755e-01	1.049453765153884888e-01	-2.992655336856842041e-01	-1.094024046324193478e-04	3.650618344545364380e-02	-7.878185808658599854e-02	3.008375465869903564e-01	9.922146797180175781e-02	2.227462083101272583e-02	-5.038730800151824951e-03	7.459524273872375488e-02	2.115073584718629718e-04	-7.575768232345581055e-02	-2.317299367859959602e-05	8.355668978765606880e-04	-6.809501792304217815e-05	1.575324982404708862e-01	-2.363774776458740234e-01	1.707837730646133423e-01	1.250520144822075963e-04	3.898351678799372166e-06	-9.020902961492538452e-02	6.076110526919364929e-02	5.540860444307327271e-02	3.372007310390472412e-01	-2.324656099081039429e-01	1.184679131256416440e-04	-1.712382733821868896e-01	2.472379803657531738e-01	1.717380434274673462e-02
-8.407122641801834106e-02	1.355385902570560575e-04	-1.860326528549194336e-01	-1.323211286216974258e-02	-1.700694156170357019e-05	1.138156130764400586e-05	5.452490222523920238e-05	-1.006118357181549072e-01	2.045826762914657593e-01	1.588340699672698975e-01	-1.257172061741584912e-05	-3.269482031464576721e-02	1.619783788919448853e-01	-8.904454112052917480e-02	-4.816303960978984833e-03	2.869970048777759075e-04	2.958556711673736572e-01	4.439164476934820414e-04	-3.728815863723866642e-05	-3.738261386752128601e-02	1.253572292625904083e-03	-2.657667500898241997e-04	-2.220342457294464111e-01	2.556036785244941711e-02	-1.362999410048360005e-05	9.252516611013561487e-05	2.460402356518898159e-06	2.497505374776665121e-05	-3.159150779247283936e-01	-4.319857805967330933e-02	5.350070446729660034e-02	9.870838373899459839e-02	2.349982857704162598e-01	1.729892937873955816e-05	-3.542196378111839294e-02	-3.671400249004364014e-02	3.161458969116210938e-01	6.337657570838928223e-02	1.482477933168411255e-01	2.157272398471832275e-01	1.241479348391294479e-02	3.288256630185060203e-05	-6.738559156656265259e-02	8.008461009012535214e-06	1.545313571114093065e-04	1.120612068916670978e-04	1.550552397966384888e-01	-2.218091487884521484e-01	2.062100023031234741e-01	3.327916201669722795e-04	-3.772609852603636682e-05	-1.470868736505508423e-01	-1.396952271461486816e-01	-2.067693918943405151e-01	1.927655637264251709e-01	-1.166600361466407776e-01	-1.700128814263734967e-05	-1.597875207662582397e-01	-2.163027673959732056e-01	1.864742338657379150e-01
-5.997561663389205933e-02	-2.260396140627563000e-04	1.674150675535202026e-01	3.518945304676890373e-03	5.626249549095518887e-05	1.916725523187778890e-06	9.954954293789342046e-06	1.075132489204406738e-01	2.445358186960220337e-01	1.835317611694335938e-01	-6.486405618488788605e-05	5.920885503292083740e-02	1.465053409337997437e-01	-1.810647249221801758e-01	-1.863421946763992310e-01	1.156604615971446037e-03	7.965441048145294189e-02	-4.246569296810775995e-04	-8.834374602884054184e-05	7.660505175590515137e-02	2.078573161270469427e-04	5.495416116900742054e-04	-2.407088279724121094e-01	-5.824621766805648804e-03	1.149629708379507065e-03	-2.924423315562307835e-04	6.114100688137114048e-05	-1.131329736381303519e-05	-2.916792407631874084e-02	-9.967684000730514526e-02	-3.578297495841979980e-01	1.411671489477157593e-01	3.829815238714218140e-02	-4.265886091161519289e-04	-2.053742259740829468e-01	-1.216000840067863464e-01	2.989926636219024658e-01	-1.844765394926071167e-01	3.252309933304786682e-02	1.450753360986709595e-01	1.712109148502349854e-02	3.105350304394960403e-03	1.077305898070335388e-01	2.310884701728355139e-05	-1.582195545779541135e-04	-6.662022788077592850e-04	1.592390537261962891e-01	1.307481527328491211e-01	-2.142871171236038208e-01	2.184242941439151764e-03	-1.829064603953156620e-05	-1.937219351530075073e-01	1.780864149332046509e-01	2.087567560374736786e-02	3.215120136737823486e-01	-2.005824446678161621e-01	2.279632326462888159e-06	9.132603183388710022e-03	-1.443967074155807495e-01	5.857690051198005676e-02
-5.766293779015541077e-02	6.150112603791058064e-04	-1.998619437217712402e-01	-2.234219209640286863e-05	-6.476161070168018341e-05	-1.684422837570309639e-03	2.703826612560078502e-05	1.946335285902023315e-01	1.617074944078922272e-02	-1.377941370010375977e-01	-1.024505081659299321e-06	-2.179502695798873901e-01	-1.197356209158897400e-01	2.455428391695022583e-01	1.841885149478912354e-01	-1.113443868234753609e-03	8.293528109788894653e-02	-2.347180998185649514e-04	2.399769437033683062e-05	-7.986794412136077881e-02	-1.322723837802186608e-04	7.703463052166625857e-05	-2.617704570293426514e-01	-8.026199042797088623e-02	2.009581476158928126e-05	-1.915390021167695522e-03	4.477856782614253461e-05	1.727070048218593001e-05	5.976043641567230225e-02	-1.331982910633087158e-01	1.966643035411834717e-01	2.373315989971160889e-01	2.412527352571487427e-01	-2.635013370309025049e-04	2.092555612325668335e-01	-6.461790949106216431e-02	-3.651469200849533081e-02	-2.184955775737762451e-01	-2.096323519945144653e-01	1.736513222567737103e-04	-5.442651361227035522e-02	2.118419160979101434e-06	-1.318847527727484703e-03	2.665052488737273961e-05	1.723285276966635138e-05	-1.807969420042354614e-05	1.713500469923019409e-01	-1.574873179197311401e-01	1.816899329423904419e-02	1.042100484482944012e-05	-2.506852615624666214e-04	8.530291914939880371e-02	9.077840298414230347e-02	-8.302894979715347290e-02	4.275017082691192627e-01	1.226497441530227661e-01	-5.663607953465543687e-05	1.003900542855262756e-01	1.617208868265151978e-01	1.609649807214736938e-01
-4.472106322646141052e-02	1.058205671142786741e-04	-1.794956773519515991e-01	9.144056093646213412e-05	1.856621167917182902e-07	-3.830259083770215511e-05	2.486870926077244803e-06	1.833140850067138672e-02	-3.073896169662475586e-01	-1.631581634283065796e-01	-3.400873174541629851e-05	3.270272165536880493e-02	1.504880040884017944e-01	2.692207396030426025e-01	-1.391783952713012695e-01	-4.278246487956494093e-04	1.505367457866668701e-01	1.465129316784441471e-04	-4.423808422870934010e-05	-1.037420108914375305e-01	1.128935400629416108e-04	2.401328310952521861e-05	1.580861955881118774e-01	-1.003279238939285278e-01	-9.482419955020304769e-06	-9.928410872817039490e-05	3.417575726416544057e-06	-8.208215149352326989e-06	-2.558747865259647369e-02	-2.982290089130401611e-01	1.094364300370216370e-01	1.084433123469352722e-01	1.949302852153778076e-01	9.597912867320701480e-05	-1.033326610922813416e-01	-1.441904306411743164e-01	2.408929318189620972e-01	-2.263730205595493317e-02	-2.579171061515808105e-01	-3.548868745565414429e-02	-1.338972747325897217e-01	-8.340886665791913401e-07	-1.434885151684284210e-02	4.439951590029522777e-05	2.596781123429536819e-04	9.173453145194798708e-05	1.373987197875976562e-01	-1.705635040998458862e-01	-9.640656411647796631e-02	-2.124548700521700084e-05	5.428022268461063504e-05	1.971638351678848267e-01	-9.029097855091094971e-02	1.388674378395080566e-01	5.266373232007026672e-02	-3.512117862701416016e-01	1.989169686567038298e-05	4.773321561515331268e-04	1.743027716875076294e-01	-2.301182597875595093e-01
-2.585714869201183319e-02	-9.223898086929693818e-05	-1.854376792907714844e-01	-2.099249395541846752e-04	-4.285139584681019187e-05	-1.915378561534453183e-06	2.199811751779634506e-05	1.790488213300704956e-01	-5.432248860597610474e-02	-4.611625894904136658e-02	-1.044220607582246885e-05	2.915136329829692841e-02	1.204503253102302551e-01	2.859647870063781738e-01	1.198994442820549011e-01	2.522473514545708895e-04	1.734685301780700684e-01	-1.757363061187788844e-04	1.462223099224502221e-05	-7.703695446252822876e-02	-3.334423527121543884e-04	1.597099981154315174e-05	-2.422879487276077271e-01	-7.276314496994018555e-02	5.632350439555011690e-05	8.206965503632090986e-06	5.492527634487487376e-05	3.906035090039949864e-06	-2.324903197586536407e-02	-6.850391626358032227e-02	1.443928182125091553e-01	-1.446454674005508423e-01	1.429720222949981689e-01	-3.184708184562623501e-04	-1.746435165405273438e-01	1.451295055449008942e-02	-4.601402878761291504e-01	-1.141819506883621216e-01	-2.316922992467880249e-01	-8.048594743013381958e-02	-1.559530943632125854e-01	5.343995781004196033e-06	3.474972676485776901e-03	-1.221260026795789599e-05	-9.192373545374721289e-05	-1.460065777791896835e-05	1.284160315990447998e-01	-1.720608025789260864e-01	3.204701095819473267e-02	-1.510242327640298754e-05	8.964777407527435571e-06	-3.126142546534538269e-02	9.880227595567703247e-02	-1.364278346300125122e-01	3.579053878784179688e-01	-2.872964739799499512e-01	-8.362153494090307504e-06	7.387277483940124512e-02	2.800995670258998871e-02	-1.245241686701774597e-01
1.513835936784744263e-01	-3.524431725963950157e-03	2.014210522174835205e-01	1.950042351381853223e-04	-2.278226893395185471e-03	4.200573130219709128e-06	2.626242581754922867e-03	1.370282620191574097e-01	1.665919870138168335e-01	-2.267107665538787842e-01	-9.747298317961394787e-04	5.065964534878730774e-02	-4.902262613177299500e-02	-9.006753563880920410e-02	-8.800713717937469482e-02	-7.113470346666872501e-04	2.463931292295455933e-01	-9.432460501557216048e-05	-5.234344862401485443e-03	-2.400181628763675690e-02	1.549543521832674742e-04	4.154448863118886948e-03	-3.016665019094944000e-02	-5.677230656147003174e-02	5.160414673355262494e-08	-7.665494922548532486e-03	-1.188402966363355517e-04	7.975148037075996399e-06	-1.239057034254074097e-01	9.379240125417709351e-02	-4.574638977646827698e-02	1.183459535241127014e-01	7.977982610464096069e-02	2.836250001564621925e-03	-1.766764223575592041e-01	-1.632887274026870728e-01	2.944057881832122803e-01	-1.714849919080734253e-01	-8.643341064453125000e-02	1.662297546863555908e-02	-8.908767253160476685e-03	-7.884615333750844002e-04	1.310460120439529419e-01	5.766109097748994827e-04	-5.362496245652437210e-03	7.436466868966817856e-03	-4.765032529830932617e-01	1.701208055019378662e-01	-2.457258105278015137e-01	6.796145953558152542e-06	-1.537514435767661780e-05	-2.057364881038665771e-01	-9.949819743633270264e-02	6.485263258218765259e-02	2.817294597625732422e-01	-1.443228274583816528e-01	2.076253760606050491e-03	-1.164565309882164001e-01	-9.124701027758419514e-04	1.413013488054275513e-01
-6.932982057332992554e-02	3.589439438655972481e-05	-1.924322098493576050e-01	1.264249476662371308e-05	2.779252281470689923e-05	-5.797801350126974285e-05	3.472320167929865420e-05	-1.524073481559753418e-01	2.623324394226074219e-01	1.145610287785530090e-01	-4.054358578287065029e-05	7.644144445657730103e-02	-2.638874053955078125e-01	-4.847249016165733337e-02	-1.380694359540939331e-01	2.473276981618255377e-04	2.523952126502990723e-01	-2.568762283772230148e-04	9.955704626918304712e-06	-1.406413167715072632e-01	5.714175495086237788e-05	1.100729059544391930e-05	-2.763379551470279694e-02	-1.242062300443649292e-01	-4.706850086222402751e-05	2.706190753087867051e-05	-4.471858483157120645e-05	1.443555788682715502e-06	1.524992138147354126e-01	3.391572833061218262e-02	3.163988515734672546e-02	1.687261611223220825e-01	1.076175794005393982e-01	1.063209128915332258e-04	-6.781126558780670166e-02	-1.150565817952156067e-01	3.267730474472045898e-01	2.228149026632308960e-01	1.864500641822814941e-01	-8.080902695655822754e-02	-1.040274351835250854e-01	-2.384226354479324073e-05	-1.241205260157585144e-01	3.536916483426466584e-05	-1.658354813116602600e-05	1.324972004113078583e-06	1.241245865821838379e-01	-2.182307541370391846e-01	1.130406185984611511e-01	1.847958628786727786e-05	8.253461601270828396e-06	-1.184546053409576416e-01	-1.789944618940353394e-01	1.442787051200866699e-02	3.525791168212890625e-01	-8.973933756351470947e-02	-4.412312591739464551e-06	-1.493675112724304199e-01	-1.030775085091590881e-01	-2.485847771167755127e-01
-6.102200224995613098e-02	6.579882028745487332e-05	-8.088541030883789062e-02	-3.654554020613431931e-04	1.193738498841412365e-04	-1.141998582170344889e-04	-1.968597825907636434e-05	-1.878826469182968140e-01	9.369123727083206177e-03	-3.872350156307220459e-01	-5.734778460464440286e-05	1.248256582766771317e-02	5.891852825880050659e-02	-1.197538152337074280e-01	6.462857127189636230e-02	9.896010305965319276e-05	-5.595622956752777100e-02	1.083226525224745274e-04	-2.568473864812403917e-04	-4.358636215329170227e-02	3.413062659092247486e-04	8.596981933806091547e-05	2.940226197242736816e-01	-2.423372119665145874e-02	1.010001287795603275e-04	1.531234738649800420e-04	1.208388493978418410e-05	-6.362238764268113300e-06	1.515248566865921021e-01	1.485809683799743652e-01	2.280029058456420898e-01	1.220200136303901672e-01	1.322103291749954224e-02	-3.107607190031558275e-04	-1.311663836240768433e-01	-7.449190318584442139e-02	3.080028891563415527e-01	7.991308346390724182e-03	1.217669919133186340e-01	1.254937797784805298e-01	2.266692928969860077e-02	-1.394920400343835354e-04	8.720286190509796143e-02	-3.034060355275869370e-04	-1.264405091205844656e-05	-1.225994783453643322e-04	8.696842938661575317e-02	3.553412854671478271e-01	-1.824545115232467651e-01	-1.552999456180259585e-04	-6.264579133130609989e-05	-2.969489097595214844e-01	-1.080772727727890015e-01	-5.216974765062332153e-02	2.951610982418060303e-01	-2.319955229759216309e-01	-5.414342376752756536e-05	7.207163423299789429e-02	1.403203047811985016e-02	7.539784908294677734e-02
