0	13	0.563409
0	7	0.372818
0	4	0.312134
0	3	0.276822
0	14	0.23571799999999998
0	6	0.225556
0	10	0.180828
0	16	0.177066
0	12	0.169319
0	0	0.157655
0	5	0.152484
0	8	0.140661
0	19	0.115753
0	18	0.113507
0	17	0.088811
0	1	0.076521
0	15	0.072919
0	9	0.017651
0	11	0.016565999999999997
0	2	0.0
1	13	0.54296
1	3	0.5186299999999999
1	7	0.356353
1	8	0.349673
1	0	0.346654
1	4	0.29883699999999996
1	15	0.161045
1	17	0.147079
1	5	0.13774799999999998
1	1	0.10822699999999999
1	12	0.09900699999999998
1	9	0.08443299999999998
1	18	0.07124899999999998
1	11	0.042408999999999974
1	16	0.03367999999999999
1	2	0.03065799999999999
1	14	0.019894999999999996
1	19	0.018525999999999987
1	10	0.004236999999999991
1	6	0.0
2	13	0.672169
2	3	0.442708
2	4	0.423724
2	7	0.38200199999999995
2	8	0.34183600000000003
2	10	0.2344
2	12	0.219658
2	2	0.219448
2	17	0.205032
2	18	0.203951
2	9	0.16850199999999999
2	14	0.14177299999999998
2	0	0.132207
2	11	0.131443
2	19	0.12048199999999999
2	6	0.11423
2	5	0.09530899999999999
2	16	0.082005
2	15	0.060626
2	1	0.0
3	13	0.594565
3	3	0.360534
3	7	0.32922300000000004
3	17	0.312413
3	4	0.31106500000000004
3	8	0.232763
3	11	0.20737
3	19	0.200746
3	12	0.190241
3	2	0.162197
3	15	0.152978
3	18	0.13753300000000002
3	0	0.13400800000000002
3	14	0.112036
3	6	0.10254100000000002
3	10	0.08391100000000001
3	5	0.083228
3	9	0.07202
3	16	0.03102100000000002
3	1	0.0
4	13	0.6872959999999999
4	4	0.502521
4	7	0.46396
4	3	0.391919
4	8	0.33106399999999997
4	1	0.28368
4	15	0.283609
4	12	0.26683
4	16	0.24339799999999998
4	5	0.21076
4	19	0.19811499999999999
4	11	0.19644299999999998
4	17	0.19039899999999998
4	2	0.162262
4	14	0.146343
4	9	0.13461499999999998
4	18	0.12997199999999998
4	0	0.12114899999999998
4	6	0.118116
4	10	0.0
5	13	0.534219
5	3	0.509266
5	7	0.476429
5	4	0.34638800000000003
5	8	0.282691
5	14	0.267338
5	15	0.244672
5	10	0.23567
5	19	0.233416
5	2	0.16306700000000002
5	18	0.139652
5	11	0.128177
5	6	0.117424
5	16	0.117261
5	0	0.115831
5	17	0.108557
5	12	0.106715
5	5	0.026436000000000015
5	1	0.022688000000000014
5	9	0.0
6	13	0.661914
6	4	0.36651
6	12	0.335133
6	15	0.320229
6	11	0.305143
6	6	0.268648
6	7	0.267876
6	14	0.244198
6	3	0.22143100000000002
6	16	0.219524
6	19	0.194471
6	2	0.17311700000000002
6	17	0.157648
6	8	0.15640400000000002
6	0	0.15041000000000002
6	9	0.14807700000000001
6	18	0.13475
6	5	0.10916900000000002
6	1	0.07233700000000001
6	10	0.0
7	7	0.483418
7	13	0.367915
7	4	0.293724
7	14	0.288856
7	3	0.288664
7	2	0.23235499999999998
7	9	0.225656
7	8	0.19788499999999998
7	12	0.195102
7	11	0.18061
7	16	0.128166
7	18	0.125077
7	10	0.12419599999999999
7	1	0.12069899999999999
7	0	0.06713599999999999
7	5	0.05612299999999999
7	15	0.038142999999999996
7	6	0.03273599999999999
7	19	0.01974899999999999
7	17	0.0
8	13	0.710569
8	4	0.5069790000000001
8	3	0.41580300000000003
8	17	0.38605100000000003
8	7	0.34275100000000003
8	8	0.34091499999999997
8	19	0.305464
8	0	0.24734699999999998
8	11	0.226657
8	6	0.21090699999999998
8	12	0.209367
8	10	0.19737
8	14	0.196749
8	1	0.144403
8	15	0.09107099999999999
8	9	0.083787
8	5	0.05596099999999998
8	2	0.049323000000000006
8	18	0.03759299999999999
8	16	0.0
9	13	0.5223519999999999
9	4	0.441555
9	3	0.373263
9	7	0.312726
9	8	0.29428
9	15	0.284569
9	16	0.18911899999999998
9	18	0.162556
9	10	0.149295
9	5	0.144736
9	9	0.143254
9	0	0.138795
9	14	0.128958
9	2	0.127943
9	12	0.106177
9	19	0.086477
9	11	0.043529
9	1	0.038681999999999994
9	17	0.023816000000000004
9	6	0.0
10	13	0.59905
10	3	0.388532
10	7	0.323992
10	4	0.254675
10	12	0.235929
10	10	0.19816699999999998
10	8	0.189906
10	0	0.186734
10	18	0.169798
10	5	0.123276
10	9	0.109833
10	15	0.101616
10	16	0.09046499999999999
10	17	0.081136
10	2	0.034247
10	6	0.032372
10	1	0.02055
10	14	0.020482
10	11	0.017047999999999994
10	19	0.0
11	7	0.502116
11	13	0.49012999999999995
11	4	0.40236700000000003
11	12	0.284571
11	0	0.259501
11	14	0.255688
11	6	0.231531
11	5	0.212787
11	11	0.183112
11	3	0.170788
11	15	0.165481
11	2	0.147232
11	1	0.140769
11	18	0.068363
11	19	0.064147
11	8	0.044658
11	16	0.02285100000000001
11	17	0.021114999999999995
11	10	0.008040999999999993
11	9	0.0
12	7	0.630669
12	13	0.367246
12	3	0.279789
12	15	0.258454
12	4	0.212787
12	8	0.204383
12	5	0.19642500000000002
12	1	0.184757
12	10	0.16471200000000003
12	11	0.14125800000000002
12	12	0.13262800000000002
12	6	0.13145600000000002
12	9	0.128309
12	0	0.11886600000000001
12	18	0.08829900000000002
12	14	0.08648900000000001
12	19	0.07690300000000001
12	2	0.07644000000000001
12	16	0.06230900000000002
12	17	0.0
13	13	0.59728
13	4	0.39261
13	7	0.39129499999999995
13	11	0.376864
13	3	0.323712
13	6	0.262778
13	12	0.256532
13	14	0.24595399999999998
13	0	0.241005
13	2	0.231539
13	18	0.21839399999999998
13	10	0.213619
13	19	0.210335
13	5	0.204174
13	16	0.19608199999999998
13	8	0.193489
13	1	0.17546399999999998
13	15	0.170676
13	9	0.153547
13	17	0.0
14	13	0.508062
14	4	0.41729
14	7	0.371799
14	3	0.30716699999999997
14	1	0.303277
14	8	0.220165
14	14	0.216991
14	12	0.171529
14	11	0.153165
14	16	0.13852099999999998
14	2	0.13610499999999998
14	18	0.09719199999999999
14	9	0.08340799999999998
14	19	0.06709399999999999
14	17	0.06320399999999998
14	15	0.03443199999999999
14	6	0.03334199999999998
14	5	0.021603999999999984
14	10	0.015914999999999985
14	0	0.0
15	13	0.706535
15	3	0.429649
15	4	0.314172
15	7	0.302604
15	12	0.299594
15	8	0.231485
15	11	0.207565
15	17	0.19334099999999999
15	18	0.193099
15	10	0.172468
15	5	0.14757199999999998
15	6	0.13264199999999998
15	9	0.12767299999999998
15	19	0.117354
15	14	0.10931099999999999
15	2	0.106458
15	16	0.093634
15	0	0.04092699999999999
15	15	0.017052999999999985
15	1	0.0
16	13	0.607453
16	3	0.399299
16	7	0.346086
16	15	0.293049
16	4	0.283331
16	8	0.258545
16	1	0.257241
16	14	0.254814
16	18	0.241594
16	2	0.206006
16	11	0.18338000000000002
16	16	0.17999400000000002
16	9	0.178666
16	5	0.15177200000000002
16	0	0.114329
16	12	0.111247
16	6	0.076557
16	17	0.07078000000000001
16	19	0.063034
16	10	0.0
17	13	0.722065
17	4	0.47289000000000003
17	7	0.332476
17	3	0.305248
17	15	0.301761
17	8	0.259776
17	2	0.228634
17	16	0.218715
17	12	0.20996
17	18	0.180396
17	17	0.18025
17	1	0.17902099999999999
17	14	0.150078
17	11	0.139574
17	19	0.111598
17	10	0.101271
17	5	0.09927
17	9	0.01074
17	0	0.005444000000000004
17	6	0.0
18	13	0.6642509999999999
18	4	0.40644199999999997
18	8	0.388668
18	7	0.372173
18	3	0.368434
18	2	0.2545
18	14	0.23746499999999998
18	15	0.227916
18	18	0.204558
18	1	0.200035
18	17	0.198708
18	11	0.193718
18	19	0.190862
18	16	0.189952
18	5	0.18185199999999999
18	6	0.146938
18	9	0.131306
18	12	0.111885
18	10	0.076276
18	0	0.0
19	13	0.6131690000000001
19	7	0.440349
19	4	0.420397
19	3	0.414968
19	8	0.30548200000000003
19	12	0.272023
19	1	0.263461
19	19	0.240154
19	14	0.239258
19	15	0.233938
19	2	0.224466
19	6	0.222046
19	18	0.200966
19	17	0.165053
19	5	0.140816
19	16	0.11427599999999999
19	11	0.10066900000000001
19	0	0.08448900000000001
19	10	0.004485000000000017
19	9	0.0
20	13	0.626255
20	7	0.5143059999999999
20	3	0.493421
20	4	0.48679799999999995
20	8	0.295892
20	18	0.26353499999999996
20	5	0.253558
20	14	0.252565
20	15	0.23040299999999997
20	16	0.22919399999999998
20	0	0.20384399999999997
20	12	0.181189
20	2	0.178081
20	6	0.16008399999999998
20	10	0.12906199999999998
20	1	0.10970399999999997
20	17	0.07854599999999998
20	19	0.04625499999999999
20	11	0.03208999999999998
20	9	0.0
21	13	0.709299
21	4	0.461719
21	7	0.401243
21	3	0.400793
21	16	0.32557800000000003
21	14	0.28313900000000003
21	5	0.282606
21	6	0.225582
21	19	0.21560400000000002
21	17	0.20725600000000002
21	18	0.17651
21	15	0.175546
21	12	0.173983
21	2	0.161084
21	10	0.152339
21	9	0.12569000000000002
21	8	0.11882900000000002
21	1	0.09426300000000001
21	11	0.026971000000000023
21	0	0.0
22	13	0.58377
22	4	0.455289
22	3	0.317135
22	12	0.241047
22	7	0.223518
22	8	0.204372
22	0	0.204183
22	5	0.197583
22	18	0.181427
22	1	0.151057
22	17	0.148706
22	19	0.127584
22	11	0.118315
22	10	0.116068
22	2	0.115426
22	15	0.107616
22	14	0.081218
22	16	0.075457
22	6	0.059771000000000005
22	9	0.0
23	7	0.603599
23	13	0.558071
23	3	0.343661
23	8	0.316676
23	5	0.252411
23	4	0.241404
23	16	0.214412
23	15	0.167469
23	12	0.1567
23	14	0.151354
23	9	0.130436
23	6	0.117707
23	17	0.115889
23	1	0.11176900000000001
23	18	0.061463000000000004
23	19	0.051445000000000005
23	2	0.045713000000000004
23	11	0.038789000000000004
23	10	0.035331
23	0	0.0
24	13	0.777865
24	7	0.5691930000000001
24	4	0.441646
24	8	0.40136
24	2	0.36980599999999997
24	12	0.345285
24	1	0.32209
24	6	0.308967
24	19	0.294815
24	3	0.268131
24	14	0.252738
24	11	0.24184599999999998
24	15	0.23968899999999999
24	5	0.20543499999999998
24	0	0.193595
24	9	0.167161
24	17	0.15728599999999998
24	16	0.14892
24	18	0.12637099999999998
24	10	0.0
25	13	0.686483
25	4	0.5342
25	8	0.46593799999999996
25	7	0.347098
25	3	0.33560599999999996
25	12	0.260295
25	0	0.239969
25	1	0.22955799999999998
25	18	0.193877
25	15	0.17990199999999998
25	2	0.17226899999999998
25	19	0.166572
25	10	0.16172999999999998
25	5	0.15653499999999998
25	11	0.14132699999999998
25	17	0.125549
25	14	0.11498399999999999
25	9	0.04865799999999999
25	6	0.01578199999999999
25	16	0.0
26	3	0.457751
26	13	0.378058
26	7	0.313963
26	15	0.246673
26	9	0.228795
26	4	0.217155
26	16	0.215647
26	1	0.185896
26	14	0.184409
26	12	0.172641
26	18	0.16070800000000002
26	5	0.148842
26	17	0.14338700000000001
26	19	0.061265
26	2	0.057337
26	6	0.04940800000000001
26	11	0.04749300000000001
26	8	0.039629
26	10	0.01648100000000001
26	0	0.0
27	13	0.568749
27	3	0.472073
27	4	0.405406
27	7	0.36646500000000004
27	11	0.330063
27	8	0.276868
27	6	0.265777
27	15	0.211372
27	0	0.175628
27	10	0.155304
27	5	0.148371
27	17	0.144503
27	19	0.131528
27	12	0.11193
27	18	0.08385000000000001
27	1	0.064425
27	2	0.05975
27	9	0.050833
27	16	0.034014
27	14	0.0
28	13	0.66529
28	7	0.431434
28	15	0.399821
28	2	0.374535
28	5	0.354282
28	3	0.35078
28	8	0.301457
28	4	0.30087200000000003
28	9	0.276052
28	1	0.262917
28	16	0.258324
28	0	0.205428
28	10	0.15998
28	18	0.149065
28	6	0.147221
28	14	0.146412
28	12	0.071833
28	17	0.069467
28	11	0.033245
28	19	0.0
29	13	0.5709690000000001
29	7	0.464688
29	0	0.436247
29	4	0.430469
29	19	0.394534
29	6	0.349396
29	14	0.34325
29	3	0.333708
29	11	0.333051
29	12	0.325098
29	10	0.301505
29	8	0.293716
29	1	0.263449
29	2	0.259734
29	17	0.206532
29	15	0.184929
29	18	0.177493
29	5	0.13067199999999998
29	16	0.06989999999999999
29	9	0.0
30	13	0.5609200000000001
30	3	0.416129
30	4	0.395327
30	8	0.39384600000000003
30	7	0.330044
30	17	0.18746000000000002
30	11	0.142317
30	5	0.13573400000000002
30	12	0.11648800000000001
30	14	0.10595900000000001
30	16	0.099957
30	19	0.089585
30	1	0.07052800000000001
30	2	0.06881600000000002
30	18	0.046445
30	6	0.03558800000000001
30	10	0.03124500000000001
30	9	0.012073
30	0	0.005550000000000013
30	15	0.0
31	13	0.611226
31	4	0.45813499999999996
31	3	0.351352
31	7	0.341291
31	16	0.323648
31	8	0.257271
31	5	0.23216199999999998
31	15	0.215715
31	9	0.182526
31	18	0.181937
31	1	0.160361
31	14	0.15637099999999998
31	2	0.151507
31	12	0.139846
31	11	0.123751
31	6	0.12201899999999999
31	0	0.092763
31	19	0.079093
31	10	0.018549999999999983
31	17	0.0
32	13	0.8408530000000001
32	4	0.482811
32	3	0.48211800000000005
32	8	0.479733
32	17	0.38514400000000004
32	7	0.305134
32	19	0.29801500000000003
32	15	0.21736200000000003
32	16	0.18474800000000002
32	5	0.17431400000000002
32	2	0.173329
32	12	0.157026
32	1	0.15363000000000002
32	9	0.151405
32	10	0.11610700000000002
32	11	0.10844200000000001
32	6	0.05873300000000001
32	14	0.04955700000000002
32	0	0.042393000000000014
32	18	0.0
33	13	0.634912
33	7	0.526347
33	3	0.44594900000000004
33	4	0.43472700000000003
33	8	0.306591
33	17	0.306454
33	1	0.296159
33	9	0.28373400000000004
33	0	0.269852
33	15	0.264309
33	16	0.21918100000000001
33	12	0.20946
33	11	0.199324
33	5	0.190139
33	19	0.188031
33	14	0.178435
33	18	0.131473
33	2	0.09097
33	10	0.014798000000000033
33	6	0.0
34	13	0.508181
34	3	0.41700400000000004
34	4	0.41484
34	7	0.395979
34	8	0.380902
34	10	0.25863600000000003
34	12	0.21452600000000002
34	5	0.205219
34	9	0.20073700000000003
34	16	0.182177
34	1	0.181732
34	19	0.152179
34	15	0.14196000000000003
34	2	0.126913
34	6	0.11946200000000001
34	11	0.08773300000000002
34	18	0.04564500000000002
34	14	0.041671000000000014
34	0	0.02719000000000002
34	17	0.0
35	13	0.630757
35	7	0.505609
35	14	0.33564700000000003
35	3	0.324377
35	9	0.324235
35	4	0.315442
35	6	0.300256
35	11	0.259401
35	10	0.257818
35	12	0.23388
35	15	0.227792
35	0	0.218372
35	16	0.18695900000000001
35	1	0.182348
35	5	0.18227100000000002
35	8	0.175964
35	2	0.15082600000000002
35	18	0.148351
35	19	0.141909
35	17	0.0
36	13	0.675068
36	8	0.446342
36	7	0.413628
36	3	0.392136
36	10	0.313806
36	0	0.303998
36	4	0.290134
36	15	0.242279
36	12	0.190138
36	17	0.188506
36	9	0.17701499999999998
36	16	0.176632
36	2	0.173874
36	19	0.167294
36	18	0.135508
36	14	0.129548
36	5	0.120223
36	1	0.11529
36	6	0.032539999999999986
36	11	0.0
37	13	0.616958
37	3	0.448673
37	7	0.404185
37	8	0.313569
37	4	0.266714
37	1	0.24169999999999997
37	6	0.231902
37	19	0.18403999999999998
37	12	0.154114
37	0	0.15309699999999998
37	17	0.126221
37	2	0.11629599999999998
37	16	0.10463299999999999
37	9	0.066452
37	5	0.06501799999999999
37	11	0.06444699999999999
37	10	0.02398599999999998
37	15	0.022822999999999982
37	18	0.019912999999999986
37	14	0.0
38	13	0.625244
38	4	0.411858
38	8	0.39093100000000003
38	3	0.375289
38	7	0.31962599999999997
38	2	0.24254
38	17	0.217593
38	9	0.21493
38	19	0.205764
38	18	0.192421
38	11	0.180421
38	15	0.150068
38	1	0.14604
38	16	0.136824
38	5	0.122061
38	10	0.104135
38	12	0.061088
38	6	0.020146999999999998
38	14	0.016731999999999997
38	0	0.0
39	3	0.605248
39	13	0.59312
39	4	0.43542000000000003
39	15	0.424276
39	7	0.39665700000000004
39	8	0.36234500000000003
39	5	0.347594
39	1	0.264227
39	16	0.247416
39	18	0.231071
39	19	0.21962
39	17	0.207407
39	10	0.18496600000000002
39	6	0.160194
39	14	0.141408
39	0	0.11241200000000001
39	12	0.109103
39	9	0.101355
39	11	0.015927999999999998
39	2	0.0
40	13	0.560954
40	7	0.475337
40	9	0.353758
40	16	0.33936
40	4	0.33803700000000003
40	12	0.330531
40	8	0.32915700000000003
40	2	0.30336399999999997
40	14	0.301363
40	3	0.28734499999999996
40	10	0.278715
40	11	0.263501
40	1	0.202814
40	15	0.200282
40	18	0.177335
40	19	0.135151
40	0	0.126579
40	5	0.11690299999999999
40	17	0.09064699999999999
40	6	0.0
41	13	0.6243270000000001
41	3	0.490482
41	7	0.410474
41	4	0.383062
41	18	0.23632799999999998
41	14	0.22677
41	12	0.218
41	8	0.187066
41	16	0.184688
41	5	0.179481
41	15	0.178704
41	17	0.167688
41	2	0.15679099999999999
41	10	0.130127
41	6	0.128197
41	1	0.12469999999999999
41	19	0.101078
41	0	0.078456
41	9	0.045381000000000005
41	11	0.0
42	13	0.719201
42	3	0.5029950000000001
42	7	0.44441200000000003
42	4	0.42866000000000004
42	0	0.396342
42	18	0.330953
42	17	0.28600200000000003
42	19	0.27535600000000005
42	6	0.267419
42	11	0.25242400000000004
42	12	0.24476000000000003
42	8	0.23996
42	5	0.19709800000000002
42	15	0.17062800000000003
42	10	0.12752000000000002
42	2	0.12009000000000003
42	14	0.11938100000000001
42	16	0.09436100000000003
42	1	0.08255000000000001
42	9	0.0
43	13	0.748664
43	3	0.5827100000000001
43	7	0.531484
43	8	0.51156
43	4	0.46230099999999996
43	15	0.407831
43	19	0.388242
43	5	0.33799999999999997
43	18	0.285103
43	2	0.282862
43	10	0.279312
43	11	0.277381
43	6	0.246942
43	0	0.23496699999999998
43	9	0.21513100000000002
43	17	0.2145
43	12	0.214029
43	1	0.210705
43	16	0.12167800000000001
43	14	0.0
44	13	0.633484
44	3	0.389154
44	14	0.325768
44	16	0.282813
44	9	0.24569
44	7	0.230926
44	15	0.21920499999999998
44	5	0.213559
44	4	0.19419
44	12	0.189151
44	18	0.18259999999999998
44	10	0.164833
44	2	0.162372
44	6	0.144876
44	11	0.102133
44	8	0.0829
44	1	0.080584
44	17	0.074918
44	19	0.003802
44	0	0.0
45	7	0.600066
45	13	0.40920999999999996
45	15	0.392669
45	4	0.369566
45	8	0.357997
45	3	0.334395
45	2	0.326705
45	1	0.287602
45	0	0.285533
45	14	0.257573
45	12	0.231729
45	5	0.200984
45	9	0.18451099999999998
45	16	0.17643399999999998
45	6	0.15869
45	11	0.152175
45	18	0.149395
45	19	0.126126
45	10	0.11305499999999999
45	17	0.0
46	3	0.670133
46	13	0.6462319999999999
46	4	0.5657479999999999
46	7	0.5427069999999999
46	8	0.432332
46	16	0.395737
46	6	0.36711499999999997
46	5	0.355452
46	19	0.355359
46	9	0.339234
46	14	0.327905
46	12	0.32360999999999995
46	1	0.321024
46	0	0.313179
46	18	0.297609
46	17	0.275207
46	15	0.268982
46	10	0.24903099999999997
46	11	0.19456099999999998
46	2	0.0
47	13	0.44932099999999997
47	7	0.415559
47	4	0.362167
47	16	0.29964999999999997
47	9	0.29270999999999997
47	3	0.259088
47	18	0.23821199999999998
47	19	0.237173
47	8	0.234369
47	12	0.21475899999999998
47	1	0.212506
47	5	0.187697
47	0	0.15808499999999998
47	2	0.150742
47	11	0.14976099999999998
47	15	0.147305
47	14	0.14632699999999998
47	6	0.055983000000000005
47	17	0.018247999999999986
47	10	0.0
48	13	0.60324
48	7	0.415774
48	8	0.270171
48	0	0.229045
48	4	0.223628
48	12	0.210529
48	3	0.19525399999999998
48	9	0.186127
48	19	0.147892
48	14	0.12983999999999998
48	2	0.12459399999999998
48	18	0.12244699999999999
48	6	0.12225499999999999
48	15	0.12120099999999999
48	10	0.11125399999999999
48	11	0.11085899999999999
48	1	0.08517799999999999
48	17	0.07946999999999999
48	5	0.02993399999999999
48	16	0.0
49	13	0.523297
49	8	0.415149
49	3	0.409846
49	7	0.35281799999999996
49	4	0.350532
49	9	0.23652600000000001
49	15	0.215253
49	19	0.183572
49	16	0.13434200000000002
49	0	0.122643
49	11	0.109891
49	6	0.107868
49	5	0.09227400000000001
49	18	0.091221
49	12	0.084439
49	10	0.083958
49	1	0.078572
49	17	0.061551
49	14	0.050565000000000006
49	2	0.0
50	13	0.665361
50	7	0.64583
50	8	0.3736
50	12	0.333715
50	19	0.310284
50	4	0.306121
50	3	0.27439199999999997
50	6	0.22248099999999998
50	16	0.18890099999999999
50	11	0.18512099999999998
50	18	0.184056
50	17	0.184017
50	1	0.16202
50	15	0.155683
50	9	0.093887
50	2	0.079423
50	5	0.05602499999999999
50	14	0.004058999999999979
50	10	0.00043399999999998995
50	0	0.0
51	13	0.712307
51	7	0.545976
51	3	0.514768
51	0	0.41446800000000006
51	8	0.397457
51	12	0.33782100000000004
51	5	0.328573
51	4	0.313485
51	15	0.29245600000000005
51	6	0.27294100000000004
51	2	0.24414800000000003
51	18	0.23788000000000004
51	17	0.23446900000000004
51	9	0.219922
51	11	0.20167800000000002
51	10	0.18131100000000003
51	19	0.17847700000000002
51	1	0.11097700000000002
51	16	0.03369500000000003
51	14	0.0
52	13	0.525841
52	7	0.441566
52	15	0.42455200000000004
52	4	0.418804
52	3	0.398119
52	8	0.340496
52	1	0.303866
52	14	0.258272
52	16	0.20186500000000002
52	17	0.17860600000000001
52	19	0.156
52	0	0.154219
52	11	0.151562
52	6	0.124866
52	9	0.09726699999999999
52	2	0.064251
52	5	0.04386999999999999
52	10	0.005247000000000002
52	18	0.002155000000000018
52	12	0.0
53	13	0.769849
53	7	0.45743
53	3	0.456863
53	14	0.43242800000000003
53	4	0.38974200000000003
53	8	0.368661
53	12	0.363485
53	16	0.36162700000000003
53	9	0.318713
53	6	0.293659
53	10	0.291031
53	19	0.272434
53	15	0.239016
53	18	0.214293
53	5	0.201192
53	11	0.166777
53	1	0.16542800000000002
53	0	0.13354100000000002
53	17	0.121959
53	2	0.0
54	13	0.5621430000000001
54	3	0.39811300000000005
54	8	0.32294100000000003
54	7	0.292584
54	4	0.27280400000000005
54	15	0.20490600000000003
54	2	0.188789
54	18	0.183178
54	0	0.17803100000000002
54	19	0.16646000000000002
54	10	0.162391
54	6	0.149479
54	5	0.12315200000000001
54	9	0.11069900000000002
54	12	0.09903500000000001
54	11	0.08086000000000002
54	17	0.04282700000000002
54	16	0.01437200000000001
54	14	0.003698000000000007
54	1	0.0
55	3	0.488043
55	4	0.483372
55	13	0.443489
55	14	0.42319
55	7	0.405033
55	19	0.379521
55	17	0.260943
55	8	0.24785000000000001
55	2	0.24427
55	10	0.228433
55	16	0.209987
55	11	0.209756
55	15	0.172824
55	6	0.158001
55	18	0.125684
55	1	0.104878
55	9	0.09001899999999999
55	12	0.07120499999999999
55	5	0.010544999999999999
55	0	0.0
56	13	0.517479
56	4	0.378392
56	5	0.296101
56	11	0.273154
56	3	0.270609
56	7	0.26501399999999997
56	12	0.194602
56	10	0.178682
56	9	0.177214
56	19	0.173815
56	18	0.155414
56	1	0.146443
56	6	0.12039899999999999
56	8	0.107651
56	0	0.067074
56	15	0.056105
56	17	0.045696
56	14	0.013109999999999997
56	2	0.0018190000000000012
56	16	0.0
57	13	0.519869
57	3	0.393762
57	4	0.368498
57	7	0.35785900000000004
57	8	0.300653
57	11	0.242649
57	15	0.215705
57	5	0.175358
57	0	0.174396
57	12	0.099168
57	17	0.09771600000000001
57	1	0.07997900000000001
57	2	0.078228
57	6	0.06337100000000001
57	10	0.060608999999999996
57	16	0.05565400000000001
57	18	0.042395000000000016
57	9	0.03085300000000002
57	14	0.005813000000000013
57	19	0.0
58	7	0.502598
58	13	0.400999
58	4	0.36629599999999995
58	3	0.355581
58	5	0.307258
58	6	0.285063
58	11	0.220007
58	0	0.206596
58	19	0.18346099999999999
58	10	0.177247
58	8	0.165545
58	14	0.165126
58	15	0.14722
58	9	0.13889
58	18	0.102487
58	2	0.07144
58	16	0.06684499999999999
58	12	0.061588000000000004
58	1	0.039138000000000006
58	17	0.0
59	13	0.64333
59	3	0.347491
59	15	0.318436
59	16	0.298078
59	8	0.29241700000000004
59	7	0.193119
59	4	0.181652
59	0	0.15890100000000001
59	9	0.15646700000000002
59	2	0.145343
59	14	0.120506
59	17	0.10745700000000001
59	10	0.090462
59	1	0.089358
59	12	0.08089400000000001
59	11	0.05037
59	18	0.036398000000000014
59	5	0.02390400000000001
59	19	0.0050020000000000064
59	6	0.0
60	13	0.647763
60	7	0.419605
60	8	0.40776999999999997
60	3	0.39726
60	19	0.301316
60	4	0.298013
60	17	0.269826
60	15	0.233518
60	1	0.213061
60	0	0.167293
60	16	0.15961
60	14	0.14962699999999998
60	10	0.14138699999999998
60	6	0.138596
60	9	0.13322699999999998
60	12	0.11757399999999998
60	2	0.080594
60	5	0.054317000000000004
60	11	0.039379
60	18	0.0
61	7	0.580993
61	13	0.573582
61	0	0.504822
61	3	0.44281
61	4	0.410978
61	15	0.392055
61	16	0.364732
61	9	0.33486
61	8	0.32389999999999997
61	6	0.258022
61	10	0.237404
61	1	0.234626
61	11	0.225815
61	18	0.22056099999999998
61	12	0.209118
61	2	0.200373
61	5	0.17677199999999998
61	14	0.171597
61	19	0.09221000000000001
61	17	0.0
62	13	0.7476579999999999
62	7	0.5195989999999999
62	4	0.32842
62	2	0.325725
62	8	0.290892
62	12	0.289598
62	14	0.264455
62	0	0.258157
62	1	0.22931200000000002
62	11	0.216369
62	3	0.192106
62	5	0.157056
62	6	0.134775
62	16	0.123832
62	10	0.11152100000000001
62	15	0.102437
62	19	0.057563
62	9	0.05247299999999999
62	18	0.043365000000000015
62	17	0.0
63	13	0.416919
63	7	0.36641100000000004
63	18	0.334842
63	3	0.29285
63	11	0.252917
63	4	0.242179
63	12	0.224495
63	5	0.209591
63	10	0.157233
63	19	0.147654
63	0	0.112931
63	2	0.11264400000000001
63	16	0.097776
63	15	0.09555200000000001
63	1	0.05772400000000001
63	17	0.05208600000000001
63	6	0.032771999999999996
63	9	0.015273000000000009
63	8	0.011140000000000011
63	14	0.0
64	13	0.567931
64	8	0.417018
64	3	0.41276
64	19	0.299909
64	7	0.286589
64	4	0.23857799999999998
64	15	0.205308
64	9	0.18698599999999999
64	10	0.180891
64	17	0.169928
64	14	0.152799
64	0	0.10290599999999998
64	1	0.08311199999999999
64	5	0.056821999999999984
64	2	0.04941099999999998
64	18	0.035078
64	16	0.02273899999999998
64	12	0.007826
64	11	0.0021949999999999747
64	6	0.0
65	13	0.508457
65	4	0.279508
65	12	0.276498
65	7	0.256758
65	3	0.194874
65	8	0.19209299999999999
65	11	0.160988
65	0	0.149591
65	19	0.119473
65	1	0.113407
65	2	0.08156999999999999
65	9	0.079212
65	18	0.075961
65	6	0.071275
65	16	0.06017899999999998
65	5	0.04835599999999998
65	14	0.020596000000000003
65	10	0.01846299999999998
65	15	0.01330199999999998
65	17	0.0
66	13	0.528307
66	3	0.469391
66	7	0.341536
66	8	0.22109
66	0	0.200987
66	17	0.193839
66	6	0.191808
66	12	0.191717
66	15	0.168428
66	18	0.14733200000000002
66	4	0.13090600000000002
66	1	0.130843
66	11	0.125718
66	19	0.107407
66	14	0.10517
66	5	0.09221
66	10	0.084999
66	16	0.068081
66	9	0.056334999999999996
66	2	0.0
67	13	0.705094
67	7	0.5368729999999999
67	3	0.404783
67	4	0.381965
67	8	0.28214
67	9	0.275668
67	5	0.274213
67	15	0.268117
67	6	0.25778
67	19	0.25600100000000003
67	10	0.252449
67	2	0.244584
67	0	0.233989
67	17	0.212014
67	11	0.205718
67	1	0.197906
67	12	0.19315500000000002
67	16	0.16044
67	14	0.159736
67	18	0.0
68	13	0.561457
68	4	0.46992
68	7	0.420472
68	3	0.409132
68	8	0.332623
68	2	0.281132
68	10	0.244842
68	14	0.238381
68	12	0.236933
68	18	0.229404
68	11	0.186436
68	0	0.162408
68	19	0.146488
68	6	0.146336
68	5	0.122734
68	15	0.103902
68	17	0.08368199999999999
68	9	0.081021
68	1	0.051496
68	16	0.0
69	13	0.600186
69	3	0.449817
69	4	0.44253299999999995
69	8	0.316733
69	7	0.30381800000000003
69	5	0.268496
69	12	0.228455
69	2	0.202355
69	18	0.19686499999999998
69	6	0.185245
69	0	0.16094
69	10	0.142845
69	15	0.13133799999999998
69	17	0.099801
69	11	0.09865499999999999
69	16	0.092561
69	19	0.07357499999999999
69	9	0.05653799999999999
69	1	0.028738999999999987
69	14	0.0
70	7	0.49685
70	13	0.39829499999999995
70	14	0.318547
70	3	0.311113
70	16	0.295224
70	18	0.272036
70	0	0.225652
70	9	0.219542
70	1	0.204402
70	8	0.191733
70	15	0.19042699999999999
70	2	0.180858
70	4	0.177584
70	10	0.176773
70	12	0.130322
70	11	0.12316099999999999
70	19	0.057260000000000005
70	5	0.05368899999999999
70	6	0.037684999999999996
70	17	0.0
71	13	0.6161570000000001
71	4	0.552019
71	7	0.45420499999999997
71	3	0.36291399999999996
71	5	0.348607
71	8	0.345952
71	12	0.312496
71	19	0.27400199999999997
71	0	0.25137
71	17	0.24554299999999998
71	6	0.227877
71	1	0.196068
71	11	0.176445
71	9	0.157179
71	15	0.123801
71	14	0.083425
71	10	0.07212099999999999
71	18	0.07028899999999999
71	2	0.030641
71	16	0.0
72	13	0.5286609999999999
72	4	0.49531899999999995
72	7	0.46791099999999997
72	3	0.382529
72	8	0.36439
72	2	0.341784
72	9	0.30616
72	14	0.290239
72	16	0.268833
72	5	0.262502
72	15	0.25042
72	18	0.238188
72	19	0.19927499999999998
72	10	0.188402
72	12	0.167547
72	1	0.165843
72	0	0.13657999999999998
72	6	0.069767
72	11	0.04650699999999999
72	17	0.0
73	13	0.562108
73	7	0.296164
73	15	0.288967
73	3	0.288574
73	4	0.22687100000000002
73	0	0.22179500000000002
73	8	0.20021
73	12	0.191969
73	1	0.144866
73	9	0.12222000000000001
73	6	0.10298900000000001
73	10	0.09675700000000001
73	2	0.075346
73	14	0.069131
73	18	0.058202000000000004
73	5	0.04636500000000002
73	19	0.040575
73	17	0.039312000000000014
73	16	0.029243999999999992
73	11	0.0
74	13	0.56247
74	7	0.43905
74	3	0.40381999999999996
74	4	0.31368999999999997
74	16	0.260293
74	8	0.251843
74	12	0.22390899999999997
74	15	0.200784
74	6	0.18383499999999997
74	19	0.177511
74	9	0.16510699999999998
74	14	0.163459
74	18	0.143976
74	11	0.129968
74	1	0.11882599999999999
74	17	0.11566399999999999
74	2	0.11349399999999998
74	0	0.044479999999999964
74	10	0.02758499999999997
74	5	0.0
75	13	0.49918
75	7	0.34675
75	3	0.341387
75	4	0.340273
75	1	0.281199
75	8	0.24976099999999998
75	14	0.247253
75	12	0.24099399999999999
75	16	0.22952899999999998
75	18	0.17077399999999998
75	11	0.16710599999999998
75	15	0.16700399999999999
75	10	0.14998599999999998
75	5	0.12977299999999997
75	17	0.12606799999999999
75	2	0.09809799999999999
75	0	0.09740399999999999
75	19	0.07699099999999998
75	9	0.074816
75	6	0.0
76	13	0.676666
76	3	0.492978
76	4	0.38216700000000003
76	7	0.370165
76	8	0.26847
76	18	0.264894
76	5	0.243143
76	19	0.235662
76	17	0.22903700000000002
76	0	0.20264100000000002
76	11	0.200331
76	14	0.20032
76	12	0.17489300000000002
76	15	0.160026
76	10	0.159668
76	2	0.14019500000000001
76	9	0.139544
76	16	0.122364
76	6	0.07889300000000002
76	1	0.0
77	7	0.517428
77	13	0.500871
77	3	0.45226500000000003
77	8	0.37181
77	4	0.32426299999999997
77	19	0.31394099999999997
77	5	0.291482
77	10	0.250716
77	15	0.24766
77	18	0.179917
77	0	0.170236
77	12	0.157653
77	17	0.157104
77	16	0.13256099999999998
77	6	0.072965
77	2	0.04947299999999999
77	11	0.048594
77	9	0.046849
77	1	0.043057999999999985
77	14	0.0
78	13	0.780108
78	4	0.490193
78	12	0.371126
78	15	0.349087
78	0	0.304566
78	8	0.300187
78	2	0.285014
78	7	0.284501
78	14	0.24672
78	3	0.237365
78	18	0.233708
78	11	0.207003
78	1	0.196627
78	6	0.188694
78	5	0.182033
78	17	0.143781
78	16	0.13422699999999999
78	19	0.09057299999999999
78	9	0.023601999999999984
78	10	0.0
79	3	0.637458
79	13	0.634436
79	8	0.428521
79	17	0.407027
79	4	0.35883299999999996
79	7	0.350448
79	19	0.305863
79	15	0.253704
79	12	0.21036899999999997
79	18	0.193243
79	10	0.192653
79	6	0.18092799999999998
79	11	0.177952
79	16	0.10159699999999999
79	1	0.09404099999999999
79	5	0.06819499999999998
79	14	0.062772
79	2	0.049677
79	0	0.03162799999999999
79	9	0.0
80	13	0.642984
80	4	0.46565599999999996
80	3	0.44881499999999996
80	7	0.39437500000000003
80	18	0.352902
80	12	0.29534099999999996
80	8	0.211588
80	10	0.202476
80	14	0.18275
80	6	0.161959
80	5	0.159255
80	2	0.158208
80	19	0.108846
80	17	0.091751
80	11	0.079607
80	0	0.06646099999999999
80	16	0.05316599999999999
80	15	0.045417999999999986
80	1	0.04180699999999998
80	9	0.0
81	13	0.5510360000000001
81	7	0.458087
81	6	0.41245699999999996
81	4	0.38714499999999996
81	3	0.386702
81	0	0.360084
81	2	0.309506
81	12	0.284023
81	8	0.280722
81	1	0.257097
81	5	0.237744
81	18	0.21978999999999999
81	11	0.21718500000000002
81	15	0.2042
81	10	0.193886
81	19	0.16424
81	14	0.11191599999999999
81	16	0.102155
81	17	0.05802299999999999
81	9	0.0
82	13	0.616883
82	3	0.585168
82	7	0.426846
82	4	0.393565
82	12	0.391292
82	11	0.379393
82	8	0.281327
82	10	0.273814
82	16	0.252206
82	2	0.24387399999999998
82	1	0.22766799999999998
82	14	0.202783
82	19	0.199386
82	9	0.19436
82	18	0.185196
82	17	0.18087
82	5	0.166951
82	15	0.162964
82	6	0.141262
82	0	0.0
83	13	0.587097
83	7	0.430971
83	3	0.334625
83	4	0.315143
83	14	0.253497
83	16	0.236956
83	9	0.234407
83	1	0.181623
83	0	0.170889
83	8	0.159064
83	2	0.148988
83	10	0.14195000000000002
83	15	0.123799
83	5	0.11254900000000001
83	6	0.11114
83	12	0.105601
83	11	0.09845000000000001
83	17	0.053029999999999994
83	18	0.03217300000000001
83	19	0.0
84	13	0.6842159999999999
84	4	0.577395
84	7	0.490805
84	2	0.399597
84	3	0.395982
84	1	0.31421299999999996
84	9	0.298131
84	14	0.29764199999999996
84	15	0.29144
84	12	0.266431
84	18	0.265179
84	8	0.256608
84	5	0.248837
84	19	0.245689
84	17	0.24056899999999998
84	10	0.200218
84	16	0.17826199999999998
84	11	0.14107999999999998
84	6	0.05680099999999999
84	0	0.0
85	13	0.610457
85	7	0.539169
85	4	0.42683
85	3	0.378558
85	14	0.259862
85	17	0.252223
85	10	0.214498
85	11	0.211488
85	12	0.198181
85	19	0.191645
85	15	0.18106
85	16	0.177497
85	9	0.174558
85	1	0.16660599999999998
85	8	0.16006900000000002
85	5	0.131224
85	0	0.12500499999999998
85	2	0.07891599999999999
85	18	0.026108999999999993
85	6	0.0
86	13	0.642173
86	3	0.507312
86	7	0.422093
86	16	0.330433
86	1	0.327926
86	17	0.313587
86	4	0.310759
86	9	0.291149
86	12	0.290113
86	14	0.268255
86	8	0.263156
86	19	0.241867
86	5	0.228641
86	18	0.219498
86	6	0.210905
86	15	0.19612600000000002
86	11	0.185137
86	10	0.10486500000000001
86	2	0.060412999999999994
86	0	0.0
87	13	0.596695
87	3	0.44298800000000005
87	7	0.438273
87	4	0.393238
87	5	0.311981
87	8	0.299702
87	6	0.205243
87	19	0.203688
87	18	0.182961
87	15	0.17672300000000002
87	17	0.173325
87	10	0.12450800000000001
87	1	0.12439700000000001
87	11	0.10002300000000001
87	9	0.09903900000000002
87	16	0.08494800000000001
87	0	0.06581800000000002
87	12	0.06355500000000001
87	2	0.008759000000000017
87	14	0.0
88	13	0.532799
88	3	0.514591
88	7	0.44236699999999995
88	0	0.371121
88	4	0.348352
88	8	0.345861
88	15	0.337034
88	18	0.221103
88	12	0.19428499999999999
88	17	0.18648699999999999
88	14	0.16169899999999998
88	10	0.135962
88	11	0.13447599999999998
88	1	0.11910199999999999
88	9	0.11060999999999999
88	5	0.069104
88	6	0.04555999999999999
88	19	0.02874199999999999
88	16	0.010761999999999994
88	2	0.0
89	13	0.499603
89	7	0.41771199999999997
89	3	0.403287
89	8	0.341241
89	10	0.232999
89	15	0.23280299999999998
89	1	0.215729
89	0	0.207693
89	9	0.205345
89	12	0.198927
89	18	0.186467
89	14	0.173072
89	4	0.151808
89	19	0.135946
89	5	0.124451
89	11	0.10786599999999999
89	6	0.092551
89	17	0.070699
89	2	0.045772999999999994
89	16	0.0
90	13	0.7450399999999999
90	4	0.482853
90	0	0.45085699999999995
90	8	0.42016
90	2	0.41519
90	3	0.384494
90	7	0.361761
90	15	0.347399
90	5	0.30788299999999996
90	19	0.299412
90	6	0.294136
90	1	0.23729499999999998
90	11	0.234921
90	9	0.23473699999999997
90	12	0.228599
90	18	0.20885599999999999
90	14	0.16732899999999998
90	10	0.14917899999999998
90	16	0.11609499999999998
90	17	0.0
91	13	0.510758
91	3	0.504038
91	0	0.42257100000000003
91	4	0.372501
91	7	0.372143
91	8	0.340414
91	19	0.337722
91	17	0.303833
91	15	0.28037100000000004
91	9	0.26302600000000004
91	16	0.24968500000000002
91	10	0.22508300000000003
91	5	0.212177
91	1	0.20121200000000003
91	18	0.19001700000000002
91	14	0.18030900000000002
91	11	0.107938
91	6	0.09777500000000003
91	12	0.09152300000000002
91	2	0.0
92	13	0.7294309999999999
92	7	0.581291
92	4	0.499739
92	8	0.467846
92	14	0.381802
92	18	0.362407
92	12	0.351635
92	3	0.34762099999999996
92	11	0.34267899999999996
92	5	0.294081
92	16	0.28611
92	2	0.276474
92	17	0.274474
92	15	0.264829
92	0	0.213671
92	1	0.208119
92	6	0.18878
92	9	0.15392499999999998
92	19	0.08333399999999999
92	10	0.0
93	13	0.729747
93	0	0.544164
93	7	0.49261
93	8	0.37311
93	5	0.371776
93	3	0.332694
93	4	0.321182
93	15	0.25178900000000004
93	12	0.203687
93	14	0.196255
93	17	0.18427600000000002
93	2	0.174376
93	18	0.166828
93	1	0.159611
93	19	0.13085200000000002
93	6	0.11771000000000001
93	9	0.09390600000000002
93	10	0.087428
93	16	0.06850600000000001
93	11	0.0
94	13	0.757293
94	8	0.37194499999999997
94	4	0.370146
94	7	0.368658
94	12	0.297411
94	3	0.23376799999999998
94	1	0.21282099999999998
94	11	0.18129399999999998
94	17	0.159097
94	19	0.14996099999999998
94	15	0.12431299999999998
94	0	0.10314999999999999
94	2	0.10078899999999999
94	16	0.090584
94	18	0.089526
94	9	0.089194
94	14	0.08315699999999998
94	6	0.05993799999999999
94	5	0.024778999999999995
94	10	0.0
95	13	0.818292
95	4	0.52257
95	7	0.475349
95	17	0.41929
95	3	0.37890100000000004
95	8	0.372923
95	1	0.360565
95	2	0.30276200000000003
95	11	0.301966
95	14	0.22012
95	19	0.217367
95	12	0.20888900000000002
95	16	0.20549
95	9	0.13725600000000002
95	0	0.11551800000000001
95	15	0.10001399999999999
95	5	0.09214700000000003
95	18	0.08646200000000004
95	10	0.06237200000000004
95	6	0.0
96	13	0.592677
96	3	0.437883
96	4	0.432846
96	7	0.39080499999999996
96	8	0.270382
96	12	0.255529
96	5	0.25546800000000003
96	0	0.22833
96	6	0.220835
96	18	0.21244
96	17	0.208857
96	15	0.14213599999999998
96	11	0.14199499999999998
96	1	0.1135
96	9	0.097499
96	16	0.091582
96	10	0.089951
96	19	0.08172399999999999
96	2	0.058932999999999985
96	14	0.0
97	13	0.608236
97	4	0.438391
97	7	0.37955300000000003
97	16	0.30943
97	12	0.288881
97	11	0.268127
97	15	0.267193
97	19	0.249097
97	3	0.246444
97	5	0.222802
97	8	0.21829
97	17	0.203426
97	6	0.19575700000000001
97	1	0.177929
97	2	0.170339
97	14	0.163913
97	18	0.139339
97	9	0.077681
97	10	0.01378299999999999
97	0	0.0
98	13	0.727208
98	4	0.5358259999999999
98	7	0.508666
98	3	0.366058
98	6	0.324146
98	19	0.30105899999999997
98	8	0.29618999999999995
98	12	0.25110899999999997
98	5	0.21376999999999996
98	11	0.20474499999999995
98	0	0.203059
98	15	0.17678999999999997
98	14	0.15825799999999998
98	18	0.15619799999999998
98	17	0.13936699999999996
98	1	0.12007899999999996
98	16	0.11352399999999999
98	2	0.08077799999999996
98	9	0.07753099999999996
98	10	0.0
99	13	0.759518
99	4	0.600581
99	3	0.516909
99	8	0.367336
99	7	0.35066600000000003
99	11	0.327128
99	14	0.292309
99	16	0.272866
99	5	0.259594
99	17	0.25123
99	6	0.245811
99	19	0.227577
99	1	0.22696
99	18	0.222044
99	12	0.17368
99	9	0.155709
99	10	0.151659
99	15	0.149063
99	2	0.126937
99	0	0.0
100	13	0.588524
100	4	0.37734
100	7	0.37105
100	3	0.276363
100	8	0.195604
100	10	0.171046
100	14	0.157685
100	0	0.151453
100	9	0.146029
100	17	0.14579999999999999
100	5	0.129585
100	1	0.113483
100	19	0.11109
100	16	0.089949
100	6	0.065981
100	12	0.059301999999999994
100	18	0.032427
100	11	0.029980999999999994
100	15	0.006540999999999991
100	2	0.0
101	13	0.673693
101	3	0.631806
101	7	0.448971
101	8	0.375639
101	4	0.363439
101	18	0.31599299999999997
101	15	0.29745699999999997
101	1	0.29209799999999997
101	17	0.276689
101	16	0.25757399999999997
101	19	0.253069
101	12	0.23223
101	14	0.18041000000000001
101	11	0.170957
101	6	0.151219
101	9	0.13958299999999998
101	2	0.139482
101	10	0.11271799999999998
101	5	0.044073
101	0	0.0
102	13	0.7135269999999999
102	4	0.503525
102	7	0.446612
102	8	0.430574
102	1	0.39746899999999996
102	3	0.315092
102	15	0.30879999999999996
102	19	0.243533
102	11	0.241041
102	5	0.239186
102	16	0.221362
102	14	0.220581
102	17	0.18296199999999999
102	0	0.164032
102	12	0.154702
102	18	0.153922
102	9	0.10203999999999999
102	6	0.077517
102	2	0.026333999999999996
102	10	0.0
103	13	0.585187
103	7	0.47551
103	19	0.327558
103	4	0.31745
103	3	0.298432
103	8	0.284228
103	14	0.263031
103	12	0.253275
103	5	0.24206899999999998
103	0	0.21753
103	1	0.205037
103	6	0.197121
103	9	0.19267
103	15	0.179494
103	10	0.16185699999999997
103	18	0.12581799999999999
103	16	0.09365799999999999
103	2	0.07664599999999999
103	17	0.03942499999999999
103	11	0.0
104	13	0.627956
104	7	0.517568
104	4	0.420631
104	16	0.381907
104	11	0.376565
104	8	0.376091
104	3	0.361034
104	15	0.347896
104	19	0.281004
104	9	0.261546
104	18	0.259085
104	12	0.213415
104	17	0.21084799999999998
104	1	0.201698
104	14	0.185581
104	6	0.185392
104	2	0.164526
104	0	0.15741
104	5	0.131926
104	10	0.0
105	13	0.595461
105	7	0.427006
105	3	0.363229
105	8	0.308233
105	4	0.270619
105	5	0.163032
105	15	0.157105
105	0	0.156597
105	1	0.156224
105	10	0.148368
105	18	0.105494
105	11	0.095504
105	14	0.088761
105	2	0.074231
105	6	0.05909700000000001
105	16	0.05615400000000001
105	12	0.043745000000000006
105	17	0.04222000000000001
105	9	0.024063
105	19	0.0
106	13	0.7386440000000001
106	4	0.45995600000000003
106	7	0.410634
106	8	0.316948
106	9	0.308479
106	3	0.286564
106	12	0.286413
106	16	0.273739
106	11	0.257306
106	2	0.240623
106	14	0.213547
106	0	0.20307999999999998
106	17	0.196637
106	10	0.17400300000000002
106	15	0.171006
106	5	0.161137
106	6	0.15625
106	18	0.11521799999999999
106	1	0.08126900000000001
106	19	0.0
107	13	0.711155
107	7	0.548019
107	4	0.5469930000000001
107	18	0.446568
107	12	0.360696
107	1	0.31818100000000005
107	5	0.315603
107	10	0.31264600000000003
107	3	0.29746500000000003
107	2	0.29208300000000004
107	19	0.26332900000000004
107	8	0.256589
107	15	0.25296300000000005
107	17	0.23430800000000002
107	0	0.22778600000000002
107	11	0.21133300000000002
107	14	0.21031400000000003
107	16	0.16467400000000004
107	9	0.028572000000000042
107	6	0.0
108	13	0.47501600000000005
108	7	0.362574
108	4	0.217258
108	3	0.159155
108	12	0.156143
108	0	0.137284
108	18	0.129746
108	6	0.11186100000000002
108	10	0.103464
108	8	0.09942100000000001
108	5	0.095238
108	14	0.073843
108	16	0.07041800000000001
108	15	0.065737
108	11	0.063256
108	2	0.038108
108	9	0.032573000000000005
108	1	0.03159000000000001
108	19	0.010746000000000006
108	17	0.0
109	13	0.625729
109	4	0.446816
109	7	0.34531500000000004
109	2	0.30794600000000005
109	3	0.26994700000000005
109	8	0.25398600000000005
109	15	0.20818000000000003
109	10	0.20774900000000002
109	11	0.13085200000000002
109	0	0.10753400000000002
109	19	0.10066900000000001
109	6	0.06714600000000001
109	14	0.06385300000000001
109	17	0.06114700000000001
109	18	0.048546000000000006
109	12	0.046839000000000006
109	5	0.03958900000000001
109	1	0.01967200000000001
109	9	0.008379999999999999
109	16	0.0
110	7	0.378438
110	13	0.35607900000000003
110	4	0.318913
110	3	0.237178
110	8	0.205394
110	19	0.186722
110	16	0.180754
110	12	0.162569
110	10	0.138415
110	15	0.127499
110	14	0.115596
110	18	0.114406
110	9	0.092482
110	5	0.074302
110	2	0.071418
110	0	0.067449
110	6	0.05948099999999999
110	11	0.033384
110	1	0.021667999999999993
110	17	0.0
111	13	0.787644
111	3	0.435254
111	4	0.434289
111	19	0.37871900000000003
111	7	0.363378
111	17	0.345759
111	8	0.312144
111	9	0.310628
111	10	0.227731
111	12	0.19647599999999998
111	14	0.19515
111	5	0.19133799999999998
111	18	0.18478799999999998
111	2	0.175528
111	1	0.172931
111	16	0.13441199999999998
111	11	0.12277499999999998
111	15	0.051290999999999976
111	6	0.04119099999999998
111	0	0.0
112	13	0.501092
112	7	0.429285
112	4	0.276395
112	3	0.267188
112	8	0.235995
112	5	0.175425
112	18	0.147368
112	12	0.14516600000000002
112	2	0.14508200000000002
112	9	0.13961700000000002
112	11	0.132806
112	14	0.107535
112	15	0.08605900000000001
112	6	0.07541300000000001
112	10	0.06830000000000001
112	16	0.06197200000000001
112	17	0.045848000000000014
112	1	0.04039100000000001
112	0	0.029767000000000016
112	19	0.0
113	4	0.386627
113	7	0.34823099999999996
113	13	0.33899599999999996
113	15	0.306097
113	3	0.29459599999999997
113	0	0.291747
113	1	0.270355
113	19	0.22605599999999998
113	14	0.216338
113	5	0.204068
113	8	0.132733
113	12	0.125832
113	6	0.104681
113	10	0.08713699999999999
113	16	0.086861
113	18	0.081478
113	9	0.064586
113	11	0.0037470000000000003
113	17	0.0031069999999999987
113	2	0.0
114	13	0.637004
114	7	0.519657
114	11	0.374106
114	4	0.338055
114	12	0.33721
114	9	0.281178
114	16	0.253851
114	3	0.244479
114	14	0.23708800000000002
114	2	0.235591
114	5	0.231539
114	8	0.22049000000000002
114	1	0.197217
114	10	0.17783900000000002
114	18	0.153064
114	0	0.151215
114	6	0.13904300000000003
114	19	0.138296
114	15	0.08138500000000001
114	17	0.0
115	13	0.600328
115	12	0.403525
115	4	0.369288
115	7	0.2985
115	0	0.265383
115	18	0.238308
115	2	0.20633
115	8	0.205246
115	10	0.194991
115	5	0.186704
115	3	0.165763
115	14	0.148946
115	19	0.12573800000000002
115	17	0.102584
115	11	0.08455299999999999
115	9	0.05799599999999999
115	15	0.05071700000000001
115	16	0.040461
115	6	0.009801000000000004
115	1	0.0
116	13	0.655895
116	7	0.598029
116	4	0.509729
116	3	0.31544300000000003
116	14	0.309139
116	2	0.308573
116	1	0.299244
116	8	0.271723
116	5	0.259651
116	11	0.252937
116	18	0.250436
116	15	0.202103
116	12	0.200907
116	10	0.152149
116	0	0.149517
116	6	0.147074
116	16	0.133062
116	9	0.079984
116	19	0.045156
116	17	0.0
117	13	0.567281
117	8	0.427458
117	3	0.420814
117	7	0.37819600000000003
117	19	0.36147
117	0	0.309028
117	2	0.297892
117	10	0.295897
117	4	0.274884
117	18	0.259998
117	9	0.209714
117	1	0.2072
117	15	0.20098
117	14	0.181195
117	5	0.14328600000000002
117	16	0.131423
117	17	0.12285500000000002
117	6	0.09973600000000002
117	12	0.04595200000000002
117	11	0.0
118	13	0.515176
118	4	0.39775
118	3	0.39649999999999996
118	19	0.37181
118	7	0.32997
118	8	0.251762
118	1	0.22961099999999998
118	5	0.221374
118	17	0.182922
118	6	0.124231
118	16	0.10965
118	12	0.08577599999999999
118	15	0.07142
118	0	0.069496
118	14	0.06629299999999999
118	2	0.049516000000000004
118	9	0.03881499999999999
118	18	0.03611499999999998
118	10	0.018228999999999995
118	11	0.0
119	13	0.579527
119	7	0.449415
119	3	0.349686
119	8	0.339902
119	4	0.286896
119	2	0.243468
119	6	0.222171
119	15	0.215239
119	14	0.210446
119	16	0.20455
119	12	0.19546
119	9	0.15781499999999998
119	1	0.15685
119	11	0.155703
119	10	0.150839
119	0	0.147921
119	19	0.138044
119	17	0.089442
119	18	0.07794500000000001
119	5	0.0
120	13	0.555114
120	3	0.497432
120	4	0.32008
120	7	0.226096
120	14	0.21297699999999997
120	8	0.20907199999999998
120	16	0.18060299999999999
120	6	0.15991
120	15	0.13086399999999998
120	5	0.126105
120	12	0.109453
120	9	0.083505
120	0	0.07564199999999999
120	17	0.048505999999999994
120	11	0.037501999999999994
120	19	0.03701899999999998
120	10	0.03669799999999998
120	18	0.010624999999999982
120	2	0.007939999999999989
120	1	0.0
121	13	0.723415
121	7	0.48404200000000003
121	8	0.396068
121	4	0.35125100000000004
121	15	0.3351
121	17	0.311975
121	3	0.271135
121	2	0.239181
121	10	0.23895100000000002
121	9	0.22190400000000002
121	19	0.19301600000000002
121	1	0.175157
121	5	0.167018
121	16	0.14810500000000001
121	0	0.12213300000000002
121	14	0.12068100000000001
121	12	0.10322800000000001
121	6	0.07634200000000002
121	11	0.04998300000000003
121	18	0.0
122	3	0.679108
122	7	0.489469
122	13	0.39887
122	4	0.37764200000000003
122	16	0.332924
122	8	0.326866
122	15	0.30217700000000003
122	11	0.281655
122	18	0.278304
122	9	0.240771
122	19	0.195367
122	12	0.157289
122	17	0.15296500000000002
122	10	0.112141
122	14	0.11041000000000001
122	6	0.10406600000000002
122	5	0.09540500000000002
122	2	0.09245800000000001
122	1	0.048125
122	0	0.0
123	13	0.706906
123	7	0.526661
123	3	0.47919599999999996
123	16	0.32755
123	4	0.32141699999999995
123	8	0.30857799999999996
123	14	0.289838
123	15	0.286116
123	17	0.268727
123	1	0.23316399999999998
123	9	0.21883199999999997
123	5	0.210084
123	19	0.20069299999999998
123	6	0.18434599999999998
123	11	0.15759999999999996
123	10	0.144341
123	2	0.06067699999999998
123	0	0.058625999999999984
123	12	0.022142999999999968
123	18	0.0
124	13	0.740133
124	7	0.494495
124	4	0.37162300000000004
124	8	0.353597
124	12	0.27518
124	18	0.213351
124	16	0.200902
124	11	0.199684
124	1	0.19943
124	2	0.185139
124	15	0.173037
124	3	0.163026
124	5	0.158175
124	9	0.12581
124	6	0.097806
124	0	0.092997
124	14	0.080724
124	10	0.057232000000000005
124	17	0.039069999999999994
124	19	0.0
125	13	0.877713
125	3	0.596437
125	7	0.5782970000000001
125	8	0.522483
125	4	0.481448
125	16	0.427604
125	14	0.376547
125	2	0.346092
125	17	0.34255
125	9	0.332268
125	15	0.299593
125	5	0.296189
125	1	0.237103
125	10	0.212665
125	12	0.18263000000000001
125	11	0.172273
125	19	0.169213
125	6	0.135558
125	18	0.088946
125	0	0.0
126	7	0.5676319999999999
126	3	0.472806
126	13	0.438596
126	9	0.361191
126	12	0.339415
126	11	0.319347
126	14	0.312788
126	2	0.285416
126	4	0.273218
126	16	0.224073
126	18	0.203534
126	6	0.20284
126	1	0.192096
126	10	0.18695299999999998
126	0	0.17548799999999998
126	19	0.149822
126	5	0.13763299999999998
126	15	0.11929599999999999
126	8	0.057395
126	17	0.0
127	13	0.5149859999999999
127	3	0.509205
127	16	0.351964
127	4	0.321038
127	8	0.310833
127	9	0.303514
127	7	0.302098
127	12	0.22899
127	15	0.219135
127	19	0.217389
127	14	0.212252
127	17	0.205277
127	18	0.181228
127	5	0.15803699999999998
127	10	0.143102
127	1	0.13225699999999999
127	6	0.13096
127	11	0.129724
127	2	0.029244999999999993
127	0	0.0
128	13	0.8249070000000001
128	8	0.41017
128	4	0.408746
128	19	0.344635
128	3	0.344308
128	17	0.31758299999999995
128	1	0.30239699999999997
128	14	0.28576999999999997
128	7	0.208535
128	12	0.181086
128	6	0.11751199999999999
128	18	0.10787899999999999
128	5	0.09831999999999999
128	2	0.07141199999999999
128	15	0.059913999999999995
128	10	0.04484099999999999
128	9	0.04077
128	0	0.024083999999999994
128	16	0.023595999999999978
128	11	0.0
129	13	0.6063149999999999
129	4	0.38840699999999995
129	3	0.31967999999999996
129	7	0.19614199999999998
129	8	0.187943
129	12	0.182199
129	11	0.16041699999999998
129	10	0.158158
129	19	0.156891
129	15	0.13968
129	17	0.13034099999999998
129	0	0.108122
129	16	0.09092199999999999
129	14	0.08111499999999999
129	18	0.07326099999999999
129	2	0.06975999999999999
129	1	0.062092999999999995
129	6	0.05756499999999999
129	9	0.026741999999999988
129	5	0.0
130	13	0.814538
130	7	0.507398
130	8	0.357554
130	15	0.30893899999999996
130	12	0.27326
130	6	0.27142099999999997
130	3	0.271412
130	4	0.253145
130	17	0.234056
130	9	0.22095599999999999
130	14	0.212868
130	11	0.193435
130	0	0.192377
130	5	0.177809
130	1	0.177145
130	19	0.175078
130	16	0.117723
130	10	0.11371799999999999
130	18	0.11274499999999998
130	2	0.0
131	13	0.533067
131	7	0.42475799999999997
131	4	0.327104
131	0	0.313363
131	14	0.29201299999999997
131	10	0.234452
131	3	0.21463100000000002
131	5	0.185066
131	9	0.155249
131	15	0.144944
131	16	0.11954699999999999
131	11	0.101906
131	18	0.101742
131	2	0.100745
131	6	0.09478600000000001
131	12	0.07594200000000001
131	1	0.07520299999999999
131	19	0.051503999999999994
131	8	0.047518000000000005
131	17	0.0
132	7	0.57173
132	3	0.558743
132	13	0.398969
132	5	0.348807
132	4	0.339773
132	10	0.315477
132	8	0.293285
132	15	0.253119
132	14	0.250456
132	19	0.19836800000000002
132	17	0.184922
132	0	0.157302
132	9	0.15403
132	16	0.143703
132	1	0.10924700000000001
132	18	0.09982300000000001
132	11	0.092658
132	12	0.06021900000000001
132	6	0.036705000000000015
132	2	0.0
133	13	0.722978
133	7	0.605966
133	3	0.455742
133	4	0.37617
133	8	0.307597
133	5	0.29174300000000003
133	12	0.23864500000000002
133	17	0.23489100000000002
133	6	0.225279
133	14	0.22062600000000002
133	0	0.144046
133	1	0.132679
133	9	0.11449600000000001
133	10	0.11035600000000001
133	15	0.105767
133	16	0.090618
133	2	0.087062
133	19	0.04931200000000002
133	18	0.040744
133	11	0.0
134	13	0.706815
134	4	0.539363
134	3	0.47253599999999996
134	15	0.424465
134	17	0.412849
134	7	0.39849999999999997
134	5	0.397714
134	8	0.27419
134	19	0.256017
134	0	0.252898
134	14	0.246759
134	1	0.210588
134	16	0.18139899999999998
134	10	0.161548
134	18	0.149277
134	11	0.10116699999999998
134	12	0.092475
134	2	0.08273999999999998
134	9	0.05613199999999999
134	6	0.0
135	13	0.450149
135	7	0.401892
135	4	0.397591
135	3	0.30185700000000004
135	18	0.27717800000000004
135	2	0.236288
135	5	0.235944
135	8	0.213356
135	16	0.204486
135	1	0.174241
135	12	0.146709
135	14	0.137024
135	9	0.113626
135	15	0.093294
135	6	0.08263100000000001
135	0	0.072457
135	10	0.062941
135	17	0.055671
135	19	0.032026
135	11	0.0
