0	13	0.475339
0	3	0.324520
0	8	0.212144
0	7	0.126647
0	4	0.122437
0	18	0.116718
0	2	0.101868
0	15	0.029513
0	19	0.026801
0	17	0.003664
0	10	0.002678
0	1	-0.006718
0	0	-0.008730
0	12	-0.012948
0	16	-0.014693
0	5	-0.018315
0	6	-0.026478
0	11	-0.049940
0	9	-0.099160
0	14	-0.137528
1	13	0.413773
1	4	0.230279
1	3	0.210361
1	7	0.193768
1	0	0.165362
1	8	0.138695
1	19	0.111408
1	10	0.059427
1	6	0.041151
1	2	0.040894
1	1	0.027295
1	5	0.020919
1	12	0.015456
1	11	0.014662
1	15	-0.001175
1	18	-0.020168
1	17	-0.025139
1	14	-0.082031
1	9	-0.177631
1	16	-0.279281
2	13	0.367304
2	3	0.118835
2	7	0.073233
2	4	0.040635
2	8	-0.027312
2	18	-0.056820
2	16	-0.074076
2	0	-0.074769
2	5	-0.080852
2	17	-0.129367
2	10	-0.134265
2	15	-0.134557
2	12	-0.141261
2	14	-0.142616
2	11	-0.150252
2	2	-0.152611
2	9	-0.161245
2	19	-0.189495
2	1	-0.190837
2	6	-0.262292
3	13	0.322601
3	4	0.113557
3	7	0.094196
3	3	-0.006839
3	12	-0.042449
3	11	-0.089884
3	18	-0.093389
3	16	-0.115348
3	8	-0.117869
3	0	-0.143317
3	14	-0.157782
3	15	-0.157917
3	10	-0.163607
3	5	-0.183610
3	9	-0.226330
3	6	-0.239656
3	17	-0.244971
3	2	-0.255847
3	19	-0.303285
3	1	-0.313378
4	13	0.254376
4	7	0.133509
4	4	0.047426
4	3	-0.017780
4	16	-0.018405
4	11	-0.097634
4	8	-0.107184
4	12	-0.114075
4	18	-0.132380
4	14	-0.134160
4	10	-0.151729
4	15	-0.163410
4	9	-0.190161
4	0	-0.226096
4	1	-0.254843
4	17	-0.258306
4	5	-0.262367
4	19	-0.274463
4	2	-0.277474
4	6	-0.281030
5	13	0.432821
5	7	0.311501
5	3	0.304028
5	8	0.224451
5	5	0.204416
5	4	0.200401
5	2	0.087262
5	9	0.064649
5	6	0.052987
5	0	0.036179
5	19	0.035181
5	15	-0.004371
5	12	-0.010568
5	16	-0.020043
5	17	-0.035297
5	11	-0.036869
5	1	-0.044783
5	10	-0.059237
5	18	-0.098257
5	14	-0.162502
6	13	0.336392
6	7	0.226509
6	3	0.066219
6	0	0.065289
6	4	0.033195
6	8	-0.010748
6	5	-0.039798
6	2	-0.053892
6	10	-0.063691
6	12	-0.079037
6	1	-0.103969
6	14	-0.107862
6	15	-0.132618
6	18	-0.135924
6	11	-0.143722
6	19	-0.161528
6	17	-0.168574
6	9	-0.174647
6	6	-0.181932
6	16	-0.253090
7	13	0.391084
7	4	0.213916
7	7	0.192154
7	3	0.109227
7	5	0.038682
7	0	0.001712
7	1	-0.002902
7	12	-0.009480
7	6	-0.010359
7	8	-0.011299
7	14	-0.020162
7	9	-0.027787
7	19	-0.032181
7	2	-0.033973
7	15	-0.069675
7	11	-0.085642
7	17	-0.115339
7	10	-0.191400
7	18	-0.194947
7	16	-0.207681
8	13	0.361519
8	7	0.206431
8	4	0.127356
8	3	0.039647
8	11	-0.009409
8	12	-0.038634
8	8	-0.041219
8	1	-0.071767
8	2	-0.101189
8	14	-0.102759
8	16	-0.103229
8	9	-0.135676
8	6	-0.142627
8	19	-0.145235
8	0	-0.159198
8	5	-0.168632
8	17	-0.170030
8	10	-0.179690
8	18	-0.189233
8	15	-0.210953
9	13	0.336539
9	7	0.177965
9	3	0.155474
9	4	0.124890
9	8	0.076569
9	10	0.060840
9	19	0.027056
9	18	-0.012477
9	15	-0.012618
9	0	-0.019683
9	12	-0.023045
9	1	-0.023570
9	14	-0.025909
9	2	-0.047597
9	11	-0.067405
9	6	-0.072318
9	17	-0.079183
9	16	-0.127412
9	5	-0.156933
9	9	-0.158520
10	13	0.382952
10	3	0.171635
10	7	0.124435
10	5	0.086779
10	4	0.079072
10	8	0.052012
10	2	0.038620
10	0	0.015701
10	19	-0.061785
10	9	-0.064334
10	6	-0.077349
10	12	-0.085571
10	1	-0.103109
10	17	-0.107887
10	15	-0.136497
10	18	-0.137619
10	10	-0.142934
10	11	-0.156263
10	16	-0.159277
10	14	-0.184926
11	13	0.334060
11	3	0.158690
11	4	0.083663
11	10	0.062709
11	7	0.062052
11	0	0.035961
11	8	0.026137
11	18	0.002518
11	19	-0.013390
11	17	-0.059456
11	15	-0.063617
11	14	-0.081112
11	5	-0.088768
11	12	-0.107729
11	2	-0.126769
11	11	-0.149744
11	1	-0.154307
11	16	-0.162567
11	6	-0.182327
11	9	-0.207965
12	13	0.272073
12	7	0.198647
12	3	0.172499
12	10	0.144001
12	8	0.126422
12	12	0.046231
12	2	0.043677
12	18	0.028493
12	4	0.013206
12	15	0.000150
12	6	-0.036532
12	0	-0.051635
12	16	-0.065696
12	19	-0.079096
12	5	-0.099303
12	9	-0.111379
12	14	-0.155956
12	17	-0.169535
12	11	-0.219494
12	1	-0.240710
13	13	0.312702
13	3	0.165804
13	4	0.161449
13	7	0.118797
13	5	0.104224
13	1	0.092091
13	9	0.076988
13	15	0.076303
13	19	0.043065
13	8	0.037107
13	6	0.036194
13	0	0.001549
13	2	-0.004082
13	14	-0.038778
13	16	-0.124194
13	12	-0.133878
13	17	-0.140064
13	11	-0.163566
13	18	-0.191173
13	10	-0.274473
14	13	0.259405
14	7	0.023934
14	4	-0.031074
14	3	-0.042671
14	12	-0.090176
14	2	-0.100194
14	8	-0.142223
14	16	-0.160800
14	18	-0.169685
14	14	-0.169701
14	10	-0.193655
14	1	-0.194674
14	11	-0.194872
14	0	-0.199545
14	9	-0.210734
14	6	-0.211821
14	19	-0.228853
14	15	-0.251980
14	5	-0.261032
14	17	-0.270639
15	13	0.283824
15	7	0.154398
15	3	0.109756
15	4	0.074520
15	14	0.033522
15	15	0.022646
15	8	-0.020763
15	9	-0.035056
15	0	-0.042728
15	10	-0.060448
15	5	-0.063828
15	19	-0.070056
15	12	-0.077344
15	1	-0.092311
15	18	-0.100645
15	16	-0.109710
15	2	-0.114634
15	6	-0.126667
15	17	-0.141784
15	11	-0.245447
16	13	0.407721
16	7	0.314319
16	3	0.237452
16	8	0.184298
16	4	0.167411
16	1	0.062222
16	2	0.054912
16	15	0.041155
16	19	0.029472
16	0	0.019608
16	12	0.009019
16	6	0.008789
16	10	0.006724
16	11	-0.001008
16	5	-0.017018
16	18	-0.025807
16	9	-0.051723
16	14	-0.051796
16	17	-0.055875
16	16	-0.072723
17	13	0.535987
17	4	0.310691
17	3	0.264085
17	19	0.077639
17	8	0.077627
17	18	0.072560
17	17	0.068815
17	0	0.065001
17	7	0.032409
17	11	0.032032
17	15	0.013251
17	1	0.011866
17	5	-0.004548
17	14	-0.007491
17	12	-0.008211
17	6	-0.047775
17	10	-0.065653
17	2	-0.077144
17	16	-0.163781
17	9	-0.165314
18	13	0.269646
18	7	0.219874
18	3	0.059379
18	9	0.039246
18	14	-0.009035
18	16	-0.021078
18	4	-0.025863
18	8	-0.063843
18	12	-0.067976
18	2	-0.070187
18	5	-0.090695
18	10	-0.118617
18	15	-0.156949
18	1	-0.163925
18	19	-0.169016
18	6	-0.184470
18	17	-0.187022
18	0	-0.198153
18	18	-0.224460
18	11	-0.310910
19	7	0.354781
19	13	0.354363
19	3	0.216900
19	8	0.138167
19	10	0.115332
19	4	0.063589
19	2	0.034020
19	5	0.029446
19	0	0.028610
19	19	0.008375
19	14	0.001930
19	9	-0.000016
19	12	-0.013924
19	15	-0.038796
19	17	-0.040592
19	1	-0.055602
19	16	-0.081849
19	6	-0.084329
19	18	-0.092904
19	11	-0.178897
20	13	0.284406
20	7	0.248339
20	4	0.133494
20	14	0.108883
20	3	0.104103
20	1	0.090247
20	9	0.088470
20	16	0.055648
20	15	0.027292
20	8	0.000370
20	19	-0.011928
20	6	-0.052310
20	12	-0.063627
20	2	-0.097578
20	11	-0.125922
20	17	-0.146708
20	5	-0.164120
20	10	-0.181236
20	18	-0.188671
20	0	-0.233696
21	13	0.421320
21	4	0.174636
21	3	0.119627
21	7	-0.017186
21	14	-0.024487
21	12	-0.035292
21	5	-0.048130
21	19	-0.065851
21	17	-0.074908
21	0	-0.075820
21	8	-0.081246
21	18	-0.090232
21	2	-0.098539
21	9	-0.099804
21	6	-0.111546
21	15	-0.114026
21	1	-0.114914
21	11	-0.166073
21	16	-0.166978
21	10	-0.191470
22	13	0.454009
22	4	0.186589
22	7	0.148499
22	3	0.124103
22	11	0.021139
22	8	-0.009607
22	1	-0.025086
22	12	-0.045242
22	14	-0.051267
22	17	-0.055136
22	19	-0.074578
22	16	-0.101212
22	18	-0.103071
22	0	-0.104253
22	2	-0.108039
22	5	-0.126874
22	9	-0.148956
22	10	-0.153572
22	6	-0.155415
22	15	-0.175015
23	13	0.470212
23	7	0.349069
23	4	0.274798
23	3	0.228886
23	8	0.161150
23	5	0.103043
23	12	0.092697
23	6	0.083920
23	2	0.072964
23	0	0.038442
23	11	0.035252
23	19	0.015991
23	1	0.013826
23	9	0.000601
23	15	-0.019212
23	17	-0.047895
23	10	-0.063116
23	14	-0.066031
23	18	-0.107019
23	16	-0.126466
24	13	0.438715
24	7	0.276565
24	4	0.180971
24	3	0.167800
24	8	0.121458
24	11	0.104486
24	1	0.019724
24	2	-0.001430
24	0	-0.013990
24	12	-0.026714
24	5	-0.050769
24	6	-0.060964
24	19	-0.071509
24	18	-0.081899
24	15	-0.100142
24	17	-0.101475
24	16	-0.108022
24	10	-0.117993
24	9	-0.147153
24	14	-0.166250
25	13	0.332635
25	7	0.204116
25	4	0.165287
25	3	0.081140
25	0	0.021388
25	8	0.000711
25	12	-0.010479
25	10	-0.039581
25	15	-0.039953
25	14	-0.062609
25	11	-0.071123
25	5	-0.073584
25	6	-0.091860
25	18	-0.091921
25	19	-0.096993
25	2	-0.120767
25	1	-0.122089
25	17	-0.156043
25	9	-0.159357
25	16	-0.203222
26	13	0.551277
26	3	0.320454
26	4	0.285223
26	18	0.141297
26	8	0.120797
26	0	0.113417
26	17	0.081186
26	5	0.080438
26	15	0.075500
26	19	0.057029
26	12	0.047198
26	7	0.037263
26	10	0.008098
26	14	-0.012463
26	2	-0.018097
26	6	-0.018255
26	11	-0.068264
26	1	-0.074241
26	9	-0.123908
26	16	-0.158570
27	13	0.414685
27	4	0.236930
27	7	0.228599
27	3	0.170716
27	5	0.060142
27	14	0.022342
27	8	0.013330
27	0	-0.014915
27	9	-0.015895
27	17	-0.032505
27	12	-0.039113
27	19	-0.045571
27	15	-0.057265
27	10	-0.076655
27	16	-0.080570
27	11	-0.086171
27	1	-0.123299
27	6	-0.127298
27	18	-0.131852
27	2	-0.174332
28	13	0.289368
28	4	0.179888
28	7	0.145776
28	16	0.131929
28	3	0.119726
28	15	0.023299
28	14	0.021964
28	9	-0.006688
28	8	-0.009906
28	12	-0.056660
28	18	-0.075326
28	19	-0.075775
28	11	-0.092545
28	10	-0.112873
28	6	-0.124790
28	1	-0.134115
28	17	-0.140604
28	5	-0.201093
28	2	-0.244610
28	0	-0.274529
29	7	0.324107
29	13	0.261521
29	15	0.156398
29	14	0.140014
29	3	0.137282
29	4	0.106419
29	8	0.064083
29	16	0.038380
29	1	0.032473
29	9	0.025378
29	10	0.005673
29	19	-0.037780
29	12	-0.038335
29	18	-0.057045
29	6	-0.088540
29	0	-0.122069
29	2	-0.132200
29	17	-0.141797
29	11	-0.148085
29	5	-0.174920
30	13	0.410019
30	3	0.126829
30	4	0.124030
30	18	-0.004070
30	8	-0.006007
30	0	-0.017864
30	7	-0.022951
30	2	-0.046576
30	11	-0.056916
30	12	-0.069217
30	1	-0.076311
30	19	-0.077526
30	15	-0.107961
30	17	-0.110902
30	6	-0.116834
30	5	-0.121257
30	10	-0.147083
30	14	-0.163315
30	16	-0.203000
30	9	-0.243875
31	13	0.341708
31	7	0.097960
31	4	0.056701
31	3	-0.015587
31	14	-0.029999
31	12	-0.077176
31	16	-0.135299
31	18	-0.151092
31	0	-0.155074
31	10	-0.160627
31	8	-0.175139
31	9	-0.177797
31	17	-0.181793
31	11	-0.186569
31	5	-0.191458
31	15	-0.223460
31	1	-0.244861
31	2	-0.247922
31	19	-0.273416
31	6	-0.314062
32	7	0.326845
32	13	0.283518
32	14	0.148846
32	4	0.060542
32	3	0.046945
32	12	0.030461
32	1	0.024737
32	9	0.010706
32	10	-0.006405
32	2	-0.009747
32	19	-0.032133
32	8	-0.035337
32	6	-0.069592
32	15	-0.077872
32	0	-0.098798
32	17	-0.141877
32	5	-0.151202
32	16	-0.157674
32	18	-0.217509
32	11	-0.229417
33	13	0.324926
33	3	0.160043
33	4	0.116682
33	7	0.094812
33	8	0.038699
33	16	-0.003956
33	15	-0.024563
33	19	-0.042646
33	1	-0.056850
33	9	-0.074970
33	5	-0.078193
33	18	-0.078381
33	11	-0.082169
33	0	-0.106410
33	14	-0.106664
33	17	-0.117645
33	2	-0.129142
33	6	-0.131512
33	12	-0.150919
33	10	-0.151497
34	13	0.393807
34	7	0.212223
34	4	0.199229
34	3	0.177319
34	8	0.122751
34	12	0.106700
34	0	0.074207
34	10	0.069372
34	18	0.051799
34	15	0.040541
34	6	0.025936
34	2	0.010910
34	11	-0.035130
34	5	-0.040807
34	19	-0.058524
34	17	-0.121326
34	14	-0.123038
34	1	-0.144077
34	9	-0.182279
34	16	-0.199498
35	7	0.341080
35	13	0.269525
35	14	0.098168
35	4	0.086993
35	9	0.057889
35	3	0.042695
35	15	0.002850
35	12	-0.022051
35	16	-0.033662
35	8	-0.043002
35	1	-0.046206
35	5	-0.111547
35	6	-0.118640
35	2	-0.129864
35	10	-0.134940
35	0	-0.153329
35	19	-0.161263
35	11	-0.198689
35	18	-0.210975
35	17	-0.211749
36	7	0.395234
36	13	0.314569
36	3	0.235960
36	8	0.165546
36	4	0.150064
36	15	0.138165
36	9	0.108669
36	5	0.101545
36	1	0.081759
36	19	0.055282
36	14	0.050790
36	0	0.043949
36	16	-0.014568
36	10	-0.019114
36	6	-0.020320
36	2	-0.036375
36	17	-0.070506
36	12	-0.092293
36	11	-0.114504
36	18	-0.135006
37	13	0.209705
37	7	0.172357
37	3	-0.002425
37	4	-0.014426
37	9	-0.059752
37	15	-0.082064
37	16	-0.082521
37	8	-0.090391
37	14	-0.096016
37	5	-0.117025
37	0	-0.137334
37	12	-0.138326
37	2	-0.158901
37	1	-0.169588
37	10	-0.199008
37	6	-0.202647
37	18	-0.205989
37	19	-0.238731
37	11	-0.242213
37	17	-0.288996
38	13	0.452738
38	7	0.325468
38	3	0.222477
38	4	0.215257
38	5	0.142167
38	8	0.099722
38	19	0.092095
38	2	0.068945
38	0	0.068175
38	1	0.068146
38	9	0.059929
38	14	0.055041
38	12	0.021956
38	17	0.019378
38	6	0.019159
38	10	-0.041364
38	15	-0.075891
38	11	-0.098335
38	16	-0.176388
38	18	-0.190398
39	13	0.396633
39	3	0.146384
39	7	0.119982
39	4	0.090320
39	8	0.038795
39	11	0.007372
39	5	-0.011177
39	0	-0.030252
39	1	-0.047504
39	19	-0.071211
39	2	-0.076355
39	17	-0.087457
39	16	-0.108526
39	18	-0.158418
39	9	-0.163674
39	10	-0.194176
39	6	-0.197864
39	12	-0.199251
39	15	-0.230110
39	14	-0.235244
40	13	0.264964
40	7	0.161706
40	4	0.093004
40	3	0.043633
40	8	-0.052010
40	14	-0.052612
40	1	-0.065664
40	15	-0.066680
40	9	-0.084620
40	0	-0.091337
40	19	-0.105256
40	5	-0.113111
40	16	-0.115139
40	12	-0.122070
40	11	-0.128311
40	6	-0.141822
40	2	-0.153816
40	10	-0.166867
40	18	-0.184045
40	17	-0.199328
41	13	0.393134
41	4	0.274252
41	7	0.232409
41	3	0.180387
41	8	0.111140
41	11	0.042323
41	12	0.037004
41	0	0.028844
41	6	0.024083
41	15	0.021260
41	5	0.003131
41	19	-0.006042
41	10	-0.030460
41	18	-0.044976
41	2	-0.067381
41	1	-0.082133
41	17	-0.096157
41	14	-0.104002
41	9	-0.111217
41	16	-0.131276
42	13	0.443881
42	4	0.302694
42	7	0.229192
42	3	0.227404
42	8	0.094692
42	14	0.090609
42	12	0.088521
42	19	0.086807
42	6	0.073935
42	15	0.066785
42	1	0.035286
42	9	0.031188
42	5	0.006443
42	17	-0.007401
42	2	-0.013195
42	0	-0.037255
42	11	-0.045834
42	10	-0.046621
42	18	-0.056290
42	16	-0.079013
43	13	0.314905
43	7	0.166913
43	3	0.103165
43	4	0.061617
43	16	-0.014789
43	8	-0.018463
43	5	-0.047914
43	15	-0.056019
43	9	-0.059770
43	14	-0.106173
43	18	-0.107913
43	0	-0.109608
43	12	-0.116299
43	10	-0.158580
43	2	-0.171774
43	11	-0.172203
43	17	-0.185646
43	1	-0.196486
43	6	-0.210429
43	19	-0.212386
44	13	0.354818
44	7	0.217141
44	4	0.138459
44	3	0.085719
44	8	0.011233
44	11	-0.026483
44	1	-0.043716
44	12	-0.049493
44	15	-0.071053
44	2	-0.082084
44	16	-0.087320
44	9	-0.092022
44	5	-0.093172
44	6	-0.095190
44	0	-0.097586
44	14	-0.108161
44	18	-0.137103
44	19	-0.147562
44	17	-0.188106
44	10	-0.200496
45	13	0.541981
45	3	0.358309
45	7	0.312375
45	4	0.285980
45	8	0.261070
45	15	0.171958
45	18	0.138311
45	12	0.126786
45	6	0.068615
45	2	0.067795
45	11	0.044558
45	1	0.039228
45	5	0.035546
45	17	0.034272
45	10	0.034242
45	19	0.027386
45	16	0.021539
45	0	0.017160
45	14	0.005461
45	9	-0.006755
46	13	0.447160
46	4	0.242695
46	7	0.227499
46	3	0.192903
46	11	0.095651
46	8	0.084208
46	15	0.081872
46	18	0.057387
46	0	0.003685
46	16	0.000233
46	5	-0.045196
46	14	-0.090219
46	17	-0.092144
46	12	-0.093483
46	1	-0.104906
46	10	-0.123384
46	9	-0.167846
46	19	-0.187813
46	6	-0.209011
46	2	-0.265780
47	13	0.380571
47	4	0.242954
47	7	0.093017
47	3	0.078509
47	11	0.038546
47	12	0.030473
47	8	-0.001713
47	6	-0.040959
47	0	-0.053528
47	5	-0.056638
47	18	-0.074174
47	15	-0.119647
47	2	-0.124655
47	10	-0.160848
47	19	-0.166732
47	16	-0.168141
47	17	-0.201707
47	9	-0.215372
47	1	-0.253435
47	14	-0.257927
48	13	0.305817
48	7	0.219553
48	4	0.145342
48	3	0.104630
48	8	0.050092
48	15	0.000386
48	11	-0.016889
48	0	-0.035873
48	12	-0.070684
48	18	-0.079164
48	1	-0.082864
48	10	-0.085754
48	16	-0.092554
48	6	-0.098184
48	5	-0.099448
48	19	-0.103699
48	14	-0.118369
48	2	-0.132397
48	9	-0.138285
48	17	-0.182402
49	13	0.143919
49	3	0.055492
49	15	0.012773
49	4	0.000849
49	19	0.000102
49	14	-0.019993
49	7	-0.029198
49	9	-0.035153
49	16	-0.042633
49	1	-0.073162
49	8	-0.077775
49	6	-0.112763
49	10	-0.139034
49	2	-0.141074
49	18	-0.143604
49	0	-0.186453
49	12	-0.187778
49	5	-0.196124
49	17	-0.215720
49	11	-0.306018
50	13	0.306065
50	4	0.150366
50	7	0.117357
50	3	0.068427
50	8	-0.005888
50	11	-0.039374
50	12	-0.039564
50	16	-0.044675
50	6	-0.048323
50	5	-0.065984
50	2	-0.085506
50	9	-0.089639
50	19	-0.142325
50	15	-0.184520
50	0	-0.188054
50	18	-0.192673
50	1	-0.221159
50	10	-0.221283
50	17	-0.230718
50	14	-0.266922
51	13	0.390928
51	7	0.281018
51	3	0.264201
51	8	0.188589
51	4	0.137927
51	1	0.110011
51	19	0.057646
51	15	0.055105
51	0	0.051810
51	5	0.037000
51	2	0.003946
51	11	-0.010567
51	17	-0.030086
51	9	-0.032313
51	16	-0.041783
51	10	-0.043303
51	18	-0.048608
51	6	-0.059601
51	14	-0.062591
51	12	-0.122944
52	13	0.389666
52	7	0.272888
52	4	0.197552
52	12	0.156831
52	3	0.139221
52	8	0.084069
52	6	0.052738
52	2	0.046577
52	10	-0.009166
52	5	-0.047076
52	11	-0.048261
52	9	-0.058249
52	19	-0.079205
52	16	-0.087771
52	18	-0.108468
52	0	-0.118123
52	15	-0.133320
52	14	-0.140546
52	17	-0.140551
52	1	-0.197227
53	13	0.325269
53	4	0.175787
53	3	0.138226
53	15	0.056455
53	18	0.038200
53	8	0.009146
53	0	-0.014457
53	11	-0.025720
53	19	-0.076195
53	7	-0.092713
53	5	-0.095187
53	6	-0.107370
53	16	-0.119190
53	1	-0.119234
53	12	-0.163854
53	17	-0.170299
53	2	-0.187061
53	10	-0.203900
53	14	-0.216343
53	9	-0.233569
54	13	0.475530
54	7	0.412059
54	4	0.303670
54	3	0.163318
54	11	0.130051
54	8	0.076906
54	5	0.020872
54	12	0.002866
54	16	0.000555
54	9	-0.014177
54	14	-0.020666
54	1	-0.029392
54	17	-0.064516
54	0	-0.072315
54	15	-0.074296
54	6	-0.107394
54	19	-0.120792
54	10	-0.158375
54	18	-0.160690
54	2	-0.167586
55	13	0.340181
55	4	0.173405
55	7	0.152603
55	14	0.130783
55	1	0.104127
55	3	0.095746
55	19	0.018320
55	16	0.004601
55	15	-0.001926
55	12	-0.001953
55	8	-0.018804
55	11	-0.045626
55	9	-0.057185
55	6	-0.060815
55	18	-0.075792
55	17	-0.100364
55	2	-0.106731
55	10	-0.113223
55	0	-0.251064
55	5	-0.319592
56	13	0.352340
56	4	0.166271
56	7	0.162077
56	12	0.121091
56	11	-0.030861
56	3	-0.041564
56	6	-0.052311
56	2	-0.061695
56	8	-0.101052
56	14	-0.129468
56	10	-0.133435
56	0	-0.142937
56	18	-0.163135
56	1	-0.192314
56	19	-0.201557
56	9	-0.224844
56	5	-0.226447
56	15	-0.233722
56	17	-0.245627
56	16	-0.248404
57	13	0.449325
57	7	0.336467
57	4	0.333010
57	3	0.311057
57	8	0.199995
57	16	0.144702
57	15	0.126250
57	19	0.096536
57	9	0.090528
57	11	0.078048
57	14	0.063201
57	1	0.058655
57	17	0.033454
57	6	0.018919
57	5	0.017603
57	12	0.006908
57	18	-0.026192
57	10	-0.036972
57	2	-0.104386
57	0	-0.104544
58	7	0.359789
58	13	0.337069
58	3	0.166778
58	4	0.161863
58	16	0.127438
58	14	0.098862
58	9	0.093196
58	8	0.071041
58	15	0.029290
58	1	-0.005883
58	12	-0.018287
58	19	-0.048286
58	10	-0.065389
58	11	-0.084814
58	6	-0.092550
58	17	-0.092739
58	5	-0.110436
58	2	-0.128839
58	18	-0.130427
58	0	-0.209104
59	13	0.468575
59	4	0.201640
59	7	0.161643
59	3	0.142465
59	12	0.117935
59	10	0.036028
59	8	0.011232
59	18	0.000647
59	0	-0.030421
59	14	-0.039377
59	17	-0.049208
59	2	-0.058783
59	11	-0.069042
59	6	-0.095007
59	5	-0.097352
59	19	-0.099703
59	15	-0.134755
59	16	-0.179980
59	9	-0.185694
59	1	-0.199738
60	13	0.574877
60	4	0.275764
60	3	0.184261
60	12	0.132721
60	0	0.095782
60	7	0.042133
60	18	0.040485
60	8	0.029594
60	2	0.022429
60	11	0.011680
60	5	0.010637
60	17	-0.002923
60	6	-0.032175
60	10	-0.035351
60	19	-0.064703
60	14	-0.153971
60	15	-0.180398
60	1	-0.181299
60	9	-0.274849
60	16	-0.323361
61	13	0.388523
61	3	0.195005
61	7	0.157494
61	4	0.145449
61	8	0.084817
61	1	0.050183
61	11	0.032294
61	16	0.026102
61	5	-0.020872
61	15	-0.031561
61	19	-0.055734
61	9	-0.060919
61	0	-0.079994
61	17	-0.093959
61	18	-0.101022
61	2	-0.118499
61	14	-0.143126
61	6	-0.149316
61	12	-0.205401
61	10	-0.250791
62	13	0.383908
62	3	0.200102
62	7	0.169306
62	4	0.143282
62	15	0.099161
62	1	0.089493
62	8	0.088525
62	14	0.066999
62	19	0.047313
62	0	0.044285
62	18	0.038639
62	10	0.019316
62	17	-0.036019
62	2	-0.040704
62	12	-0.045966
62	6	-0.073574
62	11	-0.084536
62	5	-0.115710
62	9	-0.124057
62	16	-0.141250
63	13	0.426825
63	4	0.242042
63	3	0.202453
63	7	0.130421
63	1	0.079602
63	19	0.052453
63	8	0.051756
63	11	0.016479
63	14	0.010480
63	15	0.001668
63	17	-0.009835
63	0	-0.033477
63	5	-0.036372
63	16	-0.061503
63	9	-0.066433
63	18	-0.072876
63	6	-0.093769
63	12	-0.116133
63	2	-0.132826
63	10	-0.156208
64	7	0.273150
64	13	0.125305
64	4	0.095715
64	15	0.082349
64	9	0.051177
64	14	0.049470
64	3	0.040787
64	1	-0.020450
64	16	-0.022970
64	19	-0.025366
64	8	-0.026416
64	5	-0.082062
64	0	-0.098674
64	6	-0.113027
64	10	-0.116656
64	11	-0.182328
64	12	-0.191397
64	17	-0.232516
64	2	-0.241645
64	18	-0.258066
65	13	0.391758
65	3	0.103031
65	4	0.099290
65	7	0.078816
65	12	0.063954
65	2	0.056445
65	8	0.004709
65	6	-0.025829
65	18	-0.039366
65	1	-0.091467
65	11	-0.110219
65	15	-0.113592
65	19	-0.116401
65	14	-0.124318
65	10	-0.131469
65	0	-0.136900
65	16	-0.140005
65	9	-0.146345
65	17	-0.166076
65	5	-0.171717
66	13	0.456685
66	4	0.199376
66	3	0.195886
66	7	0.130129
66	8	0.079974
66	12	0.034373
66	11	0.002218
66	18	-0.002385
66	2	-0.025263
66	19	-0.047204
66	17	-0.054058
66	6	-0.055379
66	16	-0.062686
66	10	-0.064113
66	5	-0.086354
66	0	-0.091309
66	15	-0.099158
66	1	-0.105585
66	14	-0.122555
66	9	-0.137363
67	13	0.281006
67	7	0.222050
67	4	0.139034
67	15	0.089985
67	3	0.089582
67	8	0.062536
67	11	0.011616
67	16	-0.008003
67	18	-0.017770
67	12	-0.029664
67	1	-0.031750
67	6	-0.058514
67	14	-0.092352
67	10	-0.114420
67	2	-0.122992
67	9	-0.132940
67	19	-0.135408
67	0	-0.139467
67	5	-0.231380
67	17	-0.239097
68	13	0.267912
68	7	0.246065
68	3	0.119255
68	4	0.091085
68	16	0.088788
68	15	0.057886
68	8	0.037839
68	9	0.033513
68	5	-0.057051
68	12	-0.088018
68	14	-0.089674
68	18	-0.113379
68	6	-0.118680
68	11	-0.144023
68	1	-0.147480
68	2	-0.155039
68	0	-0.172196
68	10	-0.178250
68	19	-0.193375
68	17	-0.232619
69	13	0.379083
69	7	0.257381
69	3	0.181493
69	4	0.134732
69	8	0.070831
69	9	0.055469
69	5	0.044979
69	2	0.032802
69	1	0.026995
69	19	-0.003116
69	14	-0.004357
69	6	-0.019049
69	12	-0.028626
69	15	-0.034916
69	0	-0.043565
69	16	-0.081570
69	17	-0.082853
69	10	-0.123689
69	11	-0.141739
69	18	-0.163918
70	7	0.368186
70	13	0.324118
70	3	0.258590
70	8	0.223127
70	15	0.139107
70	2	0.079000
70	4	0.058662
70	10	0.053466
70	1	0.036909
70	9	0.034409
70	0	0.017204
70	5	0.015086
70	16	0.002585
70	19	-0.000623
70	6	-0.005978
70	18	-0.013720
70	12	-0.030928
70	14	-0.039786
70	17	-0.103563
70	11	-0.134999
71	7	0.403767
71	13	0.386274
71	3	0.156446
71	4	0.129193
71	14	0.072137
71	8	0.059991
71	10	0.032055
71	12	0.028830
71	9	0.016715
71	16	-0.024420
71	5	-0.029614
71	15	-0.057430
71	0	-0.068350
71	17	-0.069142
71	2	-0.089183
71	1	-0.099589
71	19	-0.106368
71	18	-0.124456
71	11	-0.129689
71	6	-0.141935
72	13	0.442852
72	3	0.202237
72	4	0.085159
72	7	0.077984
72	2	0.066888
72	8	0.038522
72	19	0.002396
72	12	-0.016049
72	17	-0.020324
72	1	-0.020806
72	14	-0.034547
72	9	-0.050260
72	18	-0.059145
72	5	-0.068971
72	6	-0.080239
72	16	-0.080992
72	10	-0.092614
72	0	-0.109967
72	15	-0.137790
72	11	-0.171382
73	7	0.392349
73	13	0.368972
73	3	0.204510
73	4	0.132958
73	8	0.130356
73	9	0.109493
73	1	0.096393
73	5	0.049524
73	16	0.016340
73	2	0.015197
73	19	0.007516
73	14	0.005701
73	15	-0.023980
73	6	-0.039664
73	11	-0.068415
73	12	-0.069485
73	0	-0.071469
73	17	-0.073279
73	10	-0.117930
73	18	-0.203811
74	13	0.440078
74	3	0.236296
74	7	0.188538
74	0	0.163019
74	4	0.156471
74	5	0.099128
74	8	0.082377
74	10	0.073240
74	19	0.068972
74	17	0.047618
74	14	0.018166
74	2	-0.022624
74	1	-0.038824
74	18	-0.048449
74	15	-0.049988
74	12	-0.051759
74	9	-0.097037
74	6	-0.108627
74	11	-0.147062
74	16	-0.232935
75	13	0.345702
75	7	0.286763
75	3	0.123766
75	8	0.050519
75	4	0.043144
75	1	-0.001787
75	16	-0.007868
75	10	-0.017144
75	19	-0.038162
75	14	-0.042836
75	11	-0.044780
75	2	-0.063607
75	17	-0.073276
75	9	-0.095181
75	12	-0.098802
75	0	-0.156003
75	18	-0.157615
75	5	-0.184771
75	6	-0.197474
75	15	-0.205638
76	7	0.250825
76	13	0.233561
76	3	0.133189
76	4	0.115973
76	8	0.097488
76	19	0.073353
76	1	0.030809
76	11	0.014575
76	10	-0.006496
76	16	-0.012176
76	15	-0.040773
76	0	-0.082382
76	14	-0.085930
76	9	-0.098140
76	6	-0.105787
76	17	-0.118122
76	2	-0.139689
76	5	-0.146768
76	18	-0.150566
76	12	-0.175168
77	13	0.346122
77	4	0.190772
77	7	0.071847
77	3	0.004121
77	0	-0.041831
77	11	-0.043175
77	5	-0.069874
77	14	-0.115523
77	12	-0.144687
77	8	-0.145556
77	15	-0.148246
77	18	-0.164842
77	16	-0.179989
77	17	-0.187041
77	9	-0.208050
77	1	-0.224428
77	19	-0.230130
77	10	-0.245857
77	6	-0.264712
77	2	-0.335831
78	13	0.406236
78	4	0.190311
78	7	0.131508
78	3	0.123067
78	14	0.014553
78	12	-0.012798
78	8	-0.031568
78	15	-0.042501
78	9	-0.044177
78	1	-0.062440
78	5	-0.073761
78	16	-0.078203
78	6	-0.095776
78	19	-0.095928
78	18	-0.097155
78	17	-0.103772
78	11	-0.104883
78	2	-0.113464
78	0	-0.113737
78	10	-0.183685
79	13	0.356942
79	4	0.319383
79	3	0.298921
79	7	0.235975
79	8	0.218207
79	15	0.205258
79	6	0.132362
79	19	0.081196
79	16	0.078207
79	12	0.069472
79	5	0.060970
79	9	0.049001
79	18	0.037971
79	10	0.032819
79	11	-0.011907
79	0	-0.051588
79	2	-0.060340
79	17	-0.067196
79	14	-0.074081
79	1	-0.124339
80	13	0.350079
80	4	0.138878
80	7	0.034349
80	12	0.018438
80	11	-0.000253
80	3	-0.003190
80	2	-0.055824
80	6	-0.056412
80	18	-0.058462
80	8	-0.059892
80	0	-0.065972
80	15	-0.115148
80	1	-0.157356
80	5	-0.188652
80	19	-0.241465
80	10	-0.243548
80	16	-0.258007
80	14	-0.261066
80	9	-0.292993
80	17	-0.293814
81	13	0.221061
81	7	0.192420
81	3	0.140104
81	15	0.045153
81	4	0.044107
81	9	0.041051
81	16	0.039731
81	8	0.039015
81	14	-0.001386
81	19	-0.030826
81	10	-0.039246
81	5	-0.090480
81	1	-0.094991
81	6	-0.096063
81	2	-0.102037
81	12	-0.102658
81	18	-0.116220
81	0	-0.146397
81	17	-0.160274
81	11	-0.244247
82	13	0.388483
82	3	0.172946
82	4	0.093226
82	7	0.082714
82	8	0.069089
82	0	0.044987
82	18	0.015707
82	2	-0.002536
82	15	-0.040736
82	10	-0.048167
82	5	-0.048175
82	12	-0.053131
82	19	-0.067210
82	1	-0.091897
82	6	-0.093900
82	11	-0.098951
82	17	-0.105971
82	14	-0.157929
82	16	-0.182875
82	9	-0.193283
83	13	0.390453
83	7	0.249654
83	3	0.238133
83	4	0.161711
83	14	0.108271
83	8	0.098770
83	15	0.081416
83	16	0.079720
83	1	0.055975
83	19	0.020417
83	9	0.019141
83	17	-0.002828
83	18	-0.022375
83	10	-0.034869
83	11	-0.077068
83	5	-0.083699
83	12	-0.094187
83	0	-0.099231
83	2	-0.137915
83	6	-0.141285
84	13	0.355421
84	7	0.286398
84	3	0.231057
84	4	0.184180
84	8	0.143500
84	19	0.093273
84	1	0.092876
84	15	0.087809
84	14	0.064848
84	9	0.025625
84	16	0.020211
84	10	0.000800
84	6	-0.010081
84	17	-0.034179
84	12	-0.034226
84	2	-0.036604
84	11	-0.047027
84	18	-0.056428
84	5	-0.070109
84	0	-0.071097
85	13	0.248779
85	7	0.229812
85	3	0.065832
85	8	0.064766
85	4	0.019496
85	16	-0.011256
85	11	-0.017091
85	2	-0.063638
85	15	-0.094315
85	12	-0.099723
85	1	-0.100620
85	18	-0.109480
85	10	-0.121110
85	6	-0.124190
85	9	-0.157764
85	0	-0.160456
85	19	-0.174543
85	5	-0.203815
85	14	-0.243801
85	17	-0.268289
86	13	0.351786
86	4	0.145717
86	3	0.118764
86	7	0.057660
86	1	0.006366
86	8	-0.007039
86	19	-0.022860
86	11	-0.048252
86	2	-0.085631
86	16	-0.088780
86	6	-0.091297
86	5	-0.093230
86	15	-0.094655
86	9	-0.096647
86	14	-0.107218
86	0	-0.109225
86	17	-0.123235
86	12	-0.129354
86	18	-0.136856
86	10	-0.230071
87	7	0.438058
87	13	0.336169
87	3	0.211368
87	4	0.211108
87	8	0.190457
87	15	0.115884
87	10	0.077374
87	12	0.019520
87	11	0.015460
87	0	0.010386
87	16	-0.000279
87	5	-0.003988
87	6	-0.013526
87	9	-0.015013
87	19	-0.021358
87	14	-0.024674
87	18	-0.046058
87	1	-0.046311
87	2	-0.083466
87	17	-0.103636
88	13	0.268212
88	7	0.173149
88	3	0.172299
88	4	0.150594
88	19	0.068838
88	15	0.065254
88	8	0.050590
88	1	0.020450
88	14	0.016729
88	9	0.014054
88	5	-0.009744
88	16	-0.022174
88	0	-0.036699
88	17	-0.084429
88	10	-0.090995
88	6	-0.097139
88	11	-0.122479
88	18	-0.140503
88	2	-0.166092
88	12	-0.184390
89	7	0.342571
89	13	0.320332
89	1	0.233685
89	3	0.115262
89	14	0.089950
89	4	0.077599
89	19	0.064041
89	9	0.044857
89	8	0.028317
89	2	-0.034048
89	5	-0.049957
89	0	-0.052987
89	17	-0.067301
89	11	-0.081593
89	16	-0.095710
89	15	-0.107882
89	6	-0.127416
89	10	-0.155934
89	12	-0.181272
89	18	-0.300026
90	13	0.317524
90	7	0.262133
90	4	0.183853
90	3	0.122086
90	14	0.044631
90	8	0.044216
90	1	0.031705
90	15	0.030122
90	16	0.010178
90	19	-0.019075
90	11	-0.022996
90	9	-0.026658
90	12	-0.032040
90	6	-0.060078
90	10	-0.088195
90	18	-0.106971
90	17	-0.126798
90	2	-0.128657
90	0	-0.155472
90	5	-0.171755
91	13	0.336935
91	4	0.208242
91	3	0.119189
91	7	0.083396
91	14	0.060248
91	15	0.044517
91	9	0.041904
91	16	0.023988
91	12	0.021855
91	6	-0.038828
91	8	-0.051337
91	19	-0.080017
91	18	-0.085449
91	5	-0.109417
91	1	-0.131767
91	17	-0.141771
91	2	-0.154627
91	10	-0.180560
91	11	-0.186034
91	0	-0.222689
92	13	0.181340
92	7	0.168207
92	16	0.114174
92	3	0.066120
92	9	0.001418
92	8	-0.053793
92	4	-0.060735
92	15	-0.076224
92	5	-0.096669
92	14	-0.101562
92	1	-0.189675
92	10	-0.190642
92	18	-0.202417
92	0	-0.204954
92	19	-0.214509
92	17	-0.228810
92	11	-0.251735
92	2	-0.278158
92	12	-0.297487
92	6	-0.336027
93	7	0.387242
93	13	0.341202
93	3	0.270616
93	8	0.154215
93	16	0.145924
93	10	0.133789
93	14	0.130868
93	9	0.096362
93	19	0.036463
93	17	0.031010
93	1	0.019469
93	4	-0.000984
93	15	-0.002916
93	2	-0.051490
93	5	-0.062373
93	18	-0.070474
93	12	-0.114716
93	0	-0.115568
93	6	-0.210022
93	11	-0.216621
94	13	0.276358
94	7	0.144390
94	3	0.100132
94	4	0.065885
94	8	0.024463
94	10	-0.014853
94	0	-0.040348
94	12	-0.066966
94	18	-0.072927
94	5	-0.076067
94	15	-0.081430
94	2	-0.110572
94	16	-0.112442
94	19	-0.130325
94	6	-0.135739
94	11	-0.142093
94	9	-0.158970
94	14	-0.183233
94	17	-0.188684
94	1	-0.240588
95	13	0.469844
95	4	0.369742
95	7	0.168882
95	3	0.165089
95	11	0.073099
95	0	0.067530
95	5	0.057703
95	19	0.023669
95	12	0.019534
95	8	0.018594
95	17	0.011293
95	10	-0.021524
95	14	-0.056325
95	6	-0.070798
95	18	-0.101679
95	15	-0.127877
95	9	-0.162223
95	1	-0.165565
95	2	-0.197539
95	16	-0.207278
96	13	0.372369
96	3	0.201414
96	7	0.144607
96	8	0.140630
96	4	0.127633
96	18	0.077441
96	15	0.073879
96	2	0.031663
96	0	0.013963
96	12	0.007125
96	10	-0.004783
96	6	-0.006030
96	19	-0.036304
96	1	-0.038229
96	11	-0.043011
96	5	-0.101111
96	16	-0.117249
96	17	-0.125193
96	14	-0.137570
96	9	-0.169153
97	13	0.316095
97	7	0.201447
97	3	0.120877
97	14	0.077517
97	4	0.057812
97	16	-0.000246
97	9	-0.012889
97	8	-0.020417
97	10	-0.044266
97	19	-0.056219
97	1	-0.060854
97	15	-0.077029
97	17	-0.082671
97	12	-0.092261
97	18	-0.128985
97	2	-0.137181
97	5	-0.142518
97	0	-0.156844
97	6	-0.198010
97	11	-0.203805
98	13	0.380207
98	7	0.151483
98	4	0.074782
98	3	0.071278
98	14	0.006735
98	0	-0.013969
98	1	-0.030159
98	5	-0.050672
98	8	-0.073775
98	2	-0.075615
98	12	-0.080748
98	9	-0.092466
98	15	-0.111901
98	17	-0.130259
98	19	-0.139901
98	18	-0.155555
98	6	-0.177606
98	10	-0.182327
98	11	-0.183764
98	16	-0.210002
99	13	0.331496
99	7	0.260517
99	4	0.171568
99	3	0.048465
99	6	0.021745
99	12	0.020716
99	8	0.014631
99	11	-0.003331
99	2	-0.005062
99	1	-0.030735
99	9	-0.058489
99	5	-0.069188
99	15	-0.086887
99	0	-0.107362
99	16	-0.135522
99	19	-0.139449
99	14	-0.148069
99	18	-0.209661
99	10	-0.242766
99	17	-0.249193
100	13	0.236827
100	7	0.127812
100	4	0.114055
100	3	0.040128
100	14	-0.038806
100	9	-0.044752
100	15	-0.053644
100	16	-0.065299
100	8	-0.074933
100	19	-0.093509
100	5	-0.108773
100	1	-0.109336
100	12	-0.134662
100	6	-0.139692
100	0	-0.139780
100	11	-0.154915
100	10	-0.183835
100	18	-0.202537
100	17	-0.204021
100	2	-0.206587
101	13	0.439972
101	3	0.282664
101	7	0.213664
101	4	0.181838
101	8	0.171246
101	0	0.077280
101	5	0.053716
101	18	0.053008
101	15	0.032944
101	10	0.028009
101	11	0.000234
101	17	-0.001314
101	19	-0.021781
101	16	-0.037331
101	12	-0.090674
101	1	-0.093057
101	2	-0.103217
101	14	-0.117640
101	9	-0.124452
101	6	-0.137244
102	13	0.191526
102	7	0.143853
102	1	-0.005084
102	14	-0.009833
102	9	-0.035838
102	3	-0.045048
102	16	-0.048327
102	2	-0.076714
102	4	-0.104788
102	8	-0.138244
102	12	-0.162721
102	19	-0.166234
102	15	-0.196693
102	6	-0.219111
102	10	-0.237023
102	17	-0.269394
102	11	-0.272310
102	18	-0.279286
102	0	-0.287003
102	5	-0.289093
103	13	0.288047
103	7	0.258180
103	3	0.063179
103	9	0.005633
103	5	-0.017477
103	8	-0.030357
103	4	-0.033563
103	16	-0.038121
103	2	-0.076100
103	1	-0.083620
103	14	-0.125673
103	0	-0.132866
103	12	-0.186126
103	19	-0.193010
103	11	-0.193262
103	17	-0.200793
103	15	-0.205937
103	6	-0.230418
103	10	-0.231128
103	18	-0.284959
104	7	0.390593
104	13	0.329968
104	3	0.224585
104	4	0.184772
104	19	0.165673
104	8	0.133480
104	14	0.132018
104	10	0.098914
104	9	0.087952
104	1	0.073670
104	5	0.031757
104	17	0.017503
104	15	0.013546
104	0	-0.000455
104	6	-0.021729
104	16	-0.040128
104	12	-0.040874
104	2	-0.043031
104	11	-0.106302
104	18	-0.175269
105	13	0.338978
105	3	0.141456
105	7	0.117653
105	4	0.112043
105	8	0.007878
105	0	-0.000490
105	15	-0.024755
105	5	-0.030349
105	18	-0.050199
105	10	-0.078005
105	14	-0.088491
105	16	-0.095499
105	19	-0.110051
105	17	-0.113212
105	11	-0.126289
105	9	-0.132547
105	12	-0.134089
105	1	-0.155564
105	2	-0.185205
105	6	-0.199038
106	13	0.339393
106	7	0.236486
106	4	0.185162
106	12	0.089180
106	14	0.055597
106	3	-0.009606
106	10	-0.053486
106	11	-0.064750
106	8	-0.106719
106	16	-0.113720
106	6	-0.128824
106	9	-0.131055
106	19	-0.145545
106	1	-0.158770
106	17	-0.164093
106	18	-0.164792
106	15	-0.175878
106	2	-0.181265
106	0	-0.209930
106	5	-0.266182
107	13	0.389006
107	3	0.230983
107	7	0.198601
107	4	0.162733
107	8	0.102574
107	15	0.016748
107	16	0.011697
107	19	-0.000164
107	9	-0.002557
107	14	-0.013941
107	12	-0.017051
107	10	-0.017447
107	5	-0.018566
107	18	-0.029451
107	17	-0.041125
107	2	-0.054130
107	6	-0.061994
107	1	-0.077857
107	0	-0.078556
107	11	-0.115735
108	13	0.336801
108	4	0.121784
108	7	0.098895
108	3	0.083449
108	14	-0.029329
108	8	-0.053508
108	12	-0.069689
108	15	-0.076863
108	0	-0.088241
108	1	-0.090858
108	19	-0.092852
108	9	-0.098327
108	5	-0.104318
108	18	-0.119220
108	16	-0.126295
108	2	-0.126415
108	6	-0.133985
108	17	-0.139833
108	11	-0.144640
108	10	-0.146829
109	13	0.293474
109	7	0.171261
109	4	0.029028
109	3	0.023380
109	0	-0.048617
109	5	-0.083911
109	8	-0.093447
109	14	-0.103695
109	11	-0.129137
109	10	-0.139345
109	1	-0.144865
109	16	-0.152471
109	17	-0.155801
109	9	-0.161217
109	19	-0.164363
109	12	-0.211702
109	2	-0.222678
109	18	-0.233938
109	15	-0.239491
109	6	-0.313943
110	7	0.303823
110	13	0.293744
110	3	0.174561
110	8	0.126134
110	1	0.039052
110	10	0.037841
110	4	0.028528
110	16	0.017837
110	15	0.017163
110	14	-0.023584
110	19	-0.025263
110	18	-0.043769
110	0	-0.067065
110	11	-0.068688
110	2	-0.078239
110	9	-0.087178
110	17	-0.100921
110	12	-0.134014
110	5	-0.162584
110	6	-0.169286
111	13	0.181367
111	7	0.150394
111	3	0.045214
111	4	0.038377
111	8	0.000886
111	10	-0.025255
111	19	-0.057168
111	6	-0.067302
111	2	-0.074024
111	12	-0.078153
111	15	-0.085873
111	0	-0.088204
111	9	-0.118338
111	16	-0.131059
111	5	-0.132763
111	14	-0.156243
111	18	-0.163921
111	1	-0.168767
111	11	-0.174359
111	17	-0.240477
112	13	0.371021
112	3	0.228567
112	8	0.157708
112	7	0.154207
112	18	0.110345
112	16	0.096314
112	4	0.094360
112	15	0.023246
112	10	0.009265
112	12	-0.008602
112	11	-0.036284
112	2	-0.046398
112	6	-0.096651
112	19	-0.114936
112	17	-0.122786
112	9	-0.137942
112	0	-0.152756
112	5	-0.162230
112	1	-0.170949
112	14	-0.187944
113	13	0.600413
113	3	0.371862
113	4	0.369060
113	7	0.300388
113	8	0.252486
113	12	0.190262
113	6	0.125058
113	19	0.117798
113	17	0.107879
113	11	0.106198
113	2	0.097105
113	18	0.090098
113	15	0.069724
113	1	0.064446
113	14	0.037790
113	10	0.034940
113	16	0.032007
113	5	0.021969
113	9	0.017878
113	0	-0.049927
114	13	0.483948
114	4	0.337487
114	3	0.262700
114	7	0.215413
114	8	0.121510
114	11	0.074160
114	15	0.050768
114	19	0.043581
114	17	0.036405
114	14	0.031676
114	12	0.026816
114	18	0.026342
114	16	0.017434
114	10	-0.017131
114	5	-0.032516
114	1	-0.035790
114	6	-0.044342
114	0	-0.054908
114	9	-0.057222
114	2	-0.150509
115	13	0.423444
115	7	0.275525
115	4	0.200015
115	3	0.135753
115	14	0.023446
115	12	0.014306
115	8	0.005715
115	9	0.003599
115	16	-0.003203
115	11	-0.053666
115	5	-0.062142
115	17	-0.069808
115	1	-0.081459
115	19	-0.093961
115	2	-0.115598
115	6	-0.116768
115	10	-0.123647
115	15	-0.126894
115	18	-0.159213
115	0	-0.161926
116	13	0.319030
116	3	0.220192
116	7	0.206630
116	8	0.161011
116	4	0.132668
116	15	0.112472
116	10	0.043324
116	19	0.029983
116	6	0.028210
116	18	0.027507
116	2	0.019722
116	12	0.006413
116	0	-0.030844
116	1	-0.033999
116	16	-0.037682
116	9	-0.059521
116	14	-0.070232
116	5	-0.076094
116	11	-0.093899
116	17	-0.111674
117	13	0.412524
117	4	0.234168
117	3	0.203076
117	7	0.168179
117	8	0.101528
117	15	0.101227
117	19	0.067027
117	18	0.063008
117	1	0.059613
117	0	0.047776
117	14	0.046176
117	10	0.039328
117	12	0.017217
117	11	0.003400
117	6	-0.019311
117	17	-0.025927
117	2	-0.059397
117	5	-0.123835
117	16	-0.156603
117	9	-0.161176
118	13	0.503804
118	7	0.252075
118	3	0.228741
118	4	0.208553
118	8	0.136713
118	12	0.097462
118	2	0.068723
118	0	0.053922
118	10	0.039093
118	18	0.006362
118	11	0.003961
118	5	-0.004845
118	17	-0.006075
118	19	-0.008421
118	6	-0.012221
118	1	-0.041265
118	14	-0.069834
118	15	-0.076538
118	9	-0.137870
118	16	-0.175306
119	13	0.297554
119	4	0.018529
119	3	-0.009116
119	7	-0.033021
119	2	-0.124738
119	0	-0.132774
119	8	-0.142413
119	12	-0.142482
119	1	-0.156645
119	18	-0.165966
119	11	-0.171757
119	5	-0.173170
119	14	-0.176314
119	16	-0.190458
119	19	-0.198285
119	9	-0.204847
119	6	-0.211251
119	15	-0.219682
119	17	-0.233928
119	10	-0.263576
120	13	0.352980
120	7	0.293179
120	4	0.197449
120	3	0.139941
120	1	0.106214
120	8	0.056832
120	11	0.029398
120	19	0.022545
120	14	0.003827
120	0	-0.030488
120	9	-0.032238
120	5	-0.035636
120	15	-0.035842
120	16	-0.074685
120	17	-0.079551
120	6	-0.094708
120	2	-0.124137
120	12	-0.128519
120	10	-0.142010
120	18	-0.191925
121	13	0.322145
121	7	0.090389
121	3	0.067553
121	4	0.062138
121	8	-0.046725
121	5	-0.054614
121	0	-0.062087
121	12	-0.089825
121	18	-0.107029
121	16	-0.133319
121	2	-0.138667
121	15	-0.143448
121	10	-0.144966
121	11	-0.156398
121	9	-0.163134
121	6	-0.194031
121	14	-0.196734
121	17	-0.203731
121	19	-0.218578
121	1	-0.259812
122	13	0.295670
122	3	0.140919
122	7	0.130387
122	4	0.118954
122	8	0.082498
122	15	0.033410
122	18	0.028376
122	10	0.023383
122	0	-0.008071
122	12	-0.016402
122	6	-0.056198
122	2	-0.077451
122	11	-0.083743
122	19	-0.084040
122	5	-0.106441
122	16	-0.116192
122	14	-0.172481
122	17	-0.178159
122	1	-0.186278
122	9	-0.188723
123	13	0.624553
123	3	0.418394
123	4	0.307579
123	8	0.254956
123	17	0.175306
123	18	0.162954
123	7	0.160433
123	0	0.133627
123	19	0.133575
123	5	0.115076
123	11	0.076233
123	10	0.075631
123	2	0.049519
123	15	0.038804
123	12	0.035509
123	1	0.021113
123	6	-0.010720
123	14	-0.055735
123	16	-0.079104
123	9	-0.117869
124	13	0.337129
124	7	0.195989
124	3	0.130504
124	8	0.006748
124	2	-0.017429
124	4	-0.019040
124	14	-0.029248
124	9	-0.030312
124	1	-0.047685
124	16	-0.063517
124	5	-0.073839
124	10	-0.089408
124	19	-0.095231
124	0	-0.098822
124	17	-0.107391
124	12	-0.111677
124	15	-0.135631
124	18	-0.145460
124	6	-0.191390
124	11	-0.230275
125	13	0.407892
125	7	0.127104
125	3	0.112459
125	4	0.104265
125	1	0.033473
125	8	-0.008899
125	11	-0.038097
125	14	-0.059880
125	2	-0.074911
125	0	-0.077503
125	18	-0.092468
125	19	-0.095391
125	17	-0.102615
125	12	-0.105276
125	15	-0.117080
125	16	-0.119242
125	5	-0.138960
125	9	-0.148997
125	6	-0.170032
125	10	-0.189194
126	13	0.462414
126	3	0.301111
126	4	0.196611
126	7	0.186940
126	8	0.177285
126	19	0.078617
126	15	0.076762
126	18	0.074890
126	2	0.054661
126	12	0.049747
126	1	0.034140
126	10	0.029170
126	17	0.022936
126	6	0.018497
126	14	0.015373
126	16	-0.000958
126	9	-0.026611
126	0	-0.050311
126	5	-0.050670
126	11	-0.058213
127	13	0.396329
127	3	0.276493
127	4	0.168954
127	15	0.109139
127	8	0.108525
127	19	0.066107
127	18	0.064963
127	7	0.039929
127	6	0.013734
127	2	0.008760
127	5	0.007699
127	12	0.001007
127	9	-0.012508
127	14	-0.012710
127	10	-0.013551
127	17	-0.021334
127	0	-0.030084
127	16	-0.041672
127	1	-0.073993
127	11	-0.196905
128	13	0.413409
128	7	0.269323
128	4	0.190400
128	3	0.132075
128	8	0.049934
128	12	0.046264
128	0	-0.005056
128	5	-0.007527
128	10	-0.014153
128	11	-0.023746
128	18	-0.070346
128	2	-0.106832
128	6	-0.114519
128	15	-0.115907
128	17	-0.119469
128	16	-0.128964
128	14	-0.136574
128	9	-0.146225
128	19	-0.163992
128	1	-0.234773
129	13	0.382862
129	3	0.229512
129	4	0.195548
129	7	0.183718
129	8	0.134359
129	15	0.128083
129	18	0.093364
129	0	0.064994
129	5	0.016542
129	10	0.008794
129	11	-0.030921
129	12	-0.046865
129	16	-0.049388
129	17	-0.101532
129	6	-0.108244
129	19	-0.108822
129	14	-0.134323
129	9	-0.147021
129	2	-0.158270
129	1	-0.184869
130	13	0.527647
130	4	0.348328
130	3	0.206398
130	7	0.139122
130	12	0.133006
130	8	0.055601
130	11	0.049660
130	6	0.025735
130	17	-0.015360
130	18	-0.018025
130	19	-0.024439
130	5	-0.029437
130	14	-0.044799
130	2	-0.053836
130	15	-0.070879
130	16	-0.073250
130	9	-0.079375
130	0	-0.100759
130	1	-0.110072
130	10	-0.112085
131	13	0.483553
131	3	0.326013
131	4	0.256605
131	7	0.210323
131	8	0.189387
131	15	0.135264
131	19	0.123661
131	12	0.096828
131	6	0.094841
131	2	0.087263
131	14	0.064847
131	18	0.062289
131	1	0.052760
131	5	0.048934
131	17	0.046352
131	10	0.035426
131	9	0.029711
131	0	0.022519
131	16	-0.056891
131	11	-0.083879
132	13	0.459027
132	7	0.195708
132	4	0.188337
132	3	0.145778
132	8	0.077601
132	11	0.053395
132	0	0.046652
132	12	0.031575
132	18	-0.000237
132	5	-0.011958
132	2	-0.058987
132	10	-0.071393
132	6	-0.105984
132	15	-0.118857
132	17	-0.136980
132	16	-0.182961
132	19	-0.197797
132	1	-0.213057
132	9	-0.247248
132	14	-0.253495
133	13	0.468504
133	4	0.319031
133	7	0.297779
133	3	0.288491
133	8	0.165193
133	19	0.127649
133	5	0.126287
133	6	0.122961
133	9	0.103569
133	15	0.097052
133	12	0.081282
133	1	0.080346
133	14	0.072349
133	2	0.049385
133	17	0.022976
133	0	0.018446
133	11	-0.034047
133	10	-0.051508
133	16	-0.062829
133	18	-0.077618
134	13	0.416359
134	4	0.175711
134	7	0.153884
134	3	0.149447
134	12	0.052734
134	8	0.050846
134	18	0.043192
134	15	0.007786
134	0	0.002983
134	10	-0.022196
134	11	-0.051154
134	2	-0.055015
134	14	-0.066224
134	6	-0.068080
134	19	-0.106320
134	5	-0.107759
134	1	-0.109493
134	17	-0.111733
134	16	-0.161685
134	9	-0.185475
135	13	0.389629
135	7	0.204752
135	4	0.197065
135	3	0.163384
135	8	0.077471
135	12	0.033158
135	16	0.007943
135	11	-0.014722
135	6	-0.030828
135	15	-0.047293
135	9	-0.057464
135	2	-0.060718
135	18	-0.060798
135	5	-0.069459
135	19	-0.102906
135	10	-0.113207
135	14	-0.130979
135	17	-0.135802
135	1	-0.138141
135	0	-0.145746
