4.367267468854442170e-01	9.616423498991024665e-01	7.451718851964084234e-01	5.456744103462946027e-01	3.995416612509026799e-01	1.130781888475639763e+00	4.739004976913423206e-02	3.964908549508632252e-01	5.095584830016685052e-01	3.519775730223467791e-01
1.739515113123366874e-01	9.814799022855118515e-01	6.460332469008742695e-01	-2.268473135045260061e-02	1.140387167302003013e-01	2.105465758050580061e-01	4.006198909996454560e-01	7.171859907865185679e-01	6.615424906702291885e-01	2.590857380434723467e-01
8.298974648533664622e-01	9.976075828537837031e-01	4.380953475484880566e-01	2.193683236636485567e-01	8.663190818516356417e-01	1.509773599906613084e-01	6.324854793554608445e-01	4.903181209204262037e-01	6.354181945478240001e-01	6.111013326833223402e-01
3.004059463182183198e-01	4.783051853346532711e-01	8.811059845469239038e-01	8.741121749105131844e-01	5.588982702656650758e-01	8.661861113452480332e-01	2.587469965146333983e-01	4.665565237755719408e-01	-2.036951364728929303e-03	1.551698139722395009e-01
2.440245874990762953e-01	1.331784875515295286e-01	7.849065808146575840e-01	4.267302430801386270e-01	7.749462407607510261e-02	5.704062224508382739e-01	6.765921209309270212e-01	2.492180001729645544e-01	7.620209085365525770e-01	2.305913710533164657e-02
5.466548608706454093e-01	4.407968740480563419e-01	1.560288010687833349e-01	7.087753908262131031e-01	5.273005118432204652e-01	2.619110335298772130e-01	9.025927162186920816e-01	5.363815919763165185e-01	3.283630356277047468e-01	6.699095262402490203e-01
1.792508992348663122e-01	4.746656012530962587e-01	4.166515158992358803e-01	1.986697564451714859e-01	1.772334021977376439e-01	-1.497557323182374389e-01	3.867645191595272536e-01	9.827343381408415457e-01	2.024864587292607432e-02	7.266889569507239965e-01
7.153307609137241618e-01	1.532236830974335884e-01	4.378842535192441487e-01	9.059560493246091584e-01	6.957058108846398969e-01	7.262892757419965595e-02	5.340166209240346240e-02	2.039136284686694778e-01	4.839478078179518250e-01	9.265905120300746978e-01
4.751290435489357589e-01	7.730081504077368493e-01	8.835899404683268399e-01	3.118284985311228774e-01	7.389357767423595513e-01	2.343052663347526265e-01	9.452411847283544999e-01	9.801500041971068777e-02	6.803290127296708345e-01	6.165076673421073794e-01
8.576410195582829799e-01	8.148091023677487277e-01	8.061621701906793169e-02	4.491473134791932886e-01	8.709104166992279739e-01	9.533785735471319578e-01	6.160467078098307292e-01	8.350130984006155499e-01	4.634936658868731296e-01	7.877242838265211544e-01
6.453569656334736671e-01	4.513763114254767950e-02	2.171759218587649420e-01	1.836073945245580430e-01	5.793923736135520031e-01	7.697417333698109987e-01	4.344087298286039012e-01	1.793957070626820416e-01	-5.079860752578505695e-02	7.493921749310129554e-01
3.555713152590105897e-01	8.433530597519378613e-01	8.676072719705577585e-01	9.249808042452496437e-01	9.678956762791697255e-01	6.940675579461790257e-01	2.876385822656967184e-01	5.093275847345410945e-01	6.463292356768974845e-01	4.061959763026689041e-01
1.011791541264968730e+00	7.713615441858971966e-01	4.753130225191100622e-01	4.903166698557130943e-01	5.360493149735696683e-01	1.557753597972455772e-01	9.784181084406262663e-02	7.457298773704429395e-01	1.014015414223621736e+00	9.022017346965804929e-01
1.751423660775786872e-01	6.785885029842971816e-01	7.853591216945619014e-01	4.156831621516394737e-01	4.291392359982791893e-01	5.013228144697926547e-01	2.728090876340030224e-01	5.380234661113790784e-01	4.628920895501582033e-01	4.866402621120500260e-01
2.131185023515037580e-01	1.370075979858068581e-02	1.091717321055026391e+00	1.074076503269960903e-01	3.804604280568553709e-01	8.413609448779245659e-01	4.764663017746597062e-01	4.800283004966630074e-01	5.035801062860792987e-01	6.317604456973793248e-01
1.660223815674899128e-01	2.517476660079723261e-01	7.412509231814472521e-01	8.603058271690187109e-01	3.091062731705274680e-01	1.068886651278430966e+00	2.970876626733987558e-01	1.410278707569785628e-01	9.225229745702623330e-01	4.360335733921426038e-01
5.006566935789326100e-01	1.108965903768110994e+00	2.314421754055663860e-01	2.974664783395552514e-01	9.129705276314732387e-01	6.852597482279252361e-01	6.719680437672750362e-01	5.881463060277180022e-01	1.105199230151592715e+00	3.168309868722575251e-01
3.057082682678581853e-01	4.540049027855642128e-01	5.039784350349753028e-01	5.346304566498571997e-01	6.426932335167925281e-01	7.091609817142942029e-01	1.964029598363679907e-01	6.059001047709401400e-01	3.888973204897885338e-01	5.172999141851749583e-01
7.089720414997030540e-01	5.114970496231665553e-01	1.014232601637414355e+00	6.399819662422036315e-02	3.884591125924503618e-01	5.283793861188974539e-01	5.453572197409025657e-01	8.982034465765031950e-01	8.794575039207964684e-01	8.819311413185612070e-01
7.216966073717516750e-01	9.191822400233929935e-01	7.188110106597921378e-01	2.006581458341167301e-01	6.413678510312917913e-01	3.599331220117135688e-01	4.608527315000711111e-01	8.720008641032114260e-01	1.370323991467433389e-01	2.433644300426754392e-01
6.525789411113097627e-01	5.963210674296508529e-01	9.951228139589959887e-02	2.637541079017503010e-01	6.662078404438606105e-01	1.074655859806533886e+00	8.671408118903806139e-01	3.447124280058856405e-01	3.723452844754397972e-01	5.579344415049218853e-01
2.360666034851134631e-01	9.873354743021887925e-02	7.506003227375561693e-01	2.948953029307341267e-01	1.035147824725872523e+00	7.053832725088762245e-01	1.016377674273903242e+00	2.808329958227691048e-01	2.577289819417215577e-01	9.384120830732759488e-01
4.140679092550491602e-01	3.830896437147310318e-01	4.037089895048472793e-02	6.478893116800202856e-01	5.625639420439142446e-01	5.277571851229090338e-01	3.468609668620600828e-01	3.189783434921029115e-01	3.020176963142242044e-01	8.668806216405354759e-01
7.361912725309841532e-01	8.314857703225471131e-01	3.487920052546773508e-01	3.486786495944397268e-01	6.749953973923497053e-01	5.538853934019376535e-01	4.358386193082804949e-01	5.841396171784685176e-01	1.449745661572183764e-01	3.060546994935571252e-01
1.121702526614018369e+00	1.043562121926956854e+00	4.804786273722239653e-01	5.225830845590649920e-01	1.023186022159249253e+00	6.525228023297789948e-01	9.221119327704112578e-01	8.044770820844482362e-01	3.634415091721858171e-01	1.171586626212727023e+00
2.615276991926676620e-01	8.692419536298682248e-01	3.473666091022495905e-01	9.984091277554008048e-01	6.058366652482997106e-01	6.448978831798185540e-01	6.758027506581081312e-01	9.258838549667707252e-01	1.886324024432957103e-01	1.145244247798633264e-01
3.852723647530665874e-01	8.639729371574715877e-01	7.099245017851497641e-01	6.510465123317294989e-01	4.646833681994980703e-01	4.340172633314971495e-01	1.440196060473267481e-01	8.361931676410452319e-01	7.784995526434641544e-01	4.779956861849921079e-02
3.324952538230486199e-01	6.404431104288575982e-01	5.109615576049506558e-01	7.714133352883586481e-01	1.699993186692211680e-02	5.876506103084516708e-01	4.034891161770440826e-01	-2.322316502486392823e-03	-5.205215561833821669e-02	5.432742143741413621e-01
2.817269442572487015e-01	9.278966885540717024e-01	2.159402150121065012e-01	9.824804390925452324e-01	8.404496634144352774e-01	6.208612358702981782e-01	3.711285216272915410e-01	5.673649067651265199e-01	7.511761716471015982e-01	2.277822811568009365e-01
8.153909810176271922e-01	7.569730024059855289e-01	1.783208676525480096e-02	4.869715117957337802e-01	7.397723100600882562e-01	7.528046278135004377e-01	5.393725245130605028e-01	4.968255110618537973e-01	6.456943285778786734e-01	9.321593018554588106e-01
6.452396091679689638e-01	4.949918952248960058e-01	-6.205874086093648816e-03	6.806983761757201545e-01	7.307093907121116061e-01	1.171020831205810575e+00	1.009892227594219039e+00	7.574918695903570809e-01	1.380159305422817007e-01	2.296011420720220630e-01
7.541887763455152882e-01	7.231399262276984041e-01	8.540777991276110592e-01	8.546516905847531542e-02	6.954614845675810564e-01	5.490512798221655055e-01	3.481626377367470493e-01	6.428015581047155091e-01	9.057194252353862884e-01	7.457549178803160039e-01
6.393047924222781120e-01	1.537129773984313719e-01	3.858613848982018341e-02	8.267825895980422946e-01	8.235379595115439599e-01	1.286921214574562045e-01	8.170938095393132095e-01	1.083005271693455451e-01	-7.763248091285606181e-03	9.330973945878086040e-01
4.884750734451735465e-01	1.895636782846682189e-01	2.366169406609973658e-01	4.960761790632554069e-01	5.621269824757176847e-01	2.090193840063255259e-01	8.233684442160326133e-01	9.392385252003911944e-01	7.296844445675283730e-02	1.015665890632412305e+00
2.468566521790895724e-02	5.638204436540485837e-02	4.679355223227971150e-01	9.392695511505926298e-01	5.243605128755630673e-01	4.291051884714523479e-01	5.603586398016746628e-01	1.971353908825791146e-01	2.561123673651894417e-01	4.911239107350878208e-01
4.438429688350898350e-01	8.889389136539052050e-01	9.175026318475888454e-01	6.811871138129003134e-01	2.589292531345294135e-01	6.960138218867351068e-01	4.655694916856514265e-01	5.470994389483181397e-01	1.567464037458110148e-04	7.647976121342475730e-01
5.567553230576783863e-01	9.186017916232430691e-01	3.542341161677000083e-01	1.403282484542196229e-01	2.543576912230877118e-01	-1.155411465617179334e-01	5.913091303555831901e-01	2.182594516248163308e-01	8.380089553204965735e-01	2.396566360291624634e-02
3.325758806629201536e-01	4.199036123180319158e-01	7.751718843498035527e-01	4.608727392870359263e-01	8.416442254392274558e-01	1.379907436316033242e-01	2.170106610013755599e-01	4.711907998940509379e-01	5.971990887060377728e-01	4.372009093206726260e-01
1.094197588917056763e+00	8.893580516439721917e-01	5.173615721168979276e-01	1.995756849459565940e-01	5.328603672369981448e-01	7.939666405252228110e-01	1.143724992140144892e+00	7.811025263301357713e-01	2.636638267780914147e-01	2.626013836199504459e-01
7.606446316553269749e-02	9.957601980096553174e-01	7.301010967619181447e-01	6.895566907541668122e-01	5.819020291146445034e-01	7.504028435924936513e-01	9.419787930595617809e-01	7.024625177887933170e-01	1.607924005761551534e-01	7.163480640772403873e-01
7.408254316863189803e-01	1.388072088999609821e-01	1.184663892697026821e-01	3.000728013941475480e-01	8.992159527338466907e-01	5.299022193770999145e-01	4.464318327320284663e-01	5.276016464801648598e-02	4.662470899987466305e-02	6.954216070327441379e-01
2.217386900025522800e-01	8.996423044572754435e-01	3.008638269389947162e-01	8.463863187089251117e-01	5.186807471830906513e-01	2.526878603580715033e-01	8.925662014496706931e-01	3.674443973879467640e-01	5.702877461076039101e-01	8.028972208047984171e-01
7.169603013446875783e-01	-1.933982333332196976e-02	1.015985862451356692e+00	4.824315138060179531e-01	5.279673033145249050e-01	3.481978614015253104e-01	9.372340464286479933e-02	4.049391684017543125e-01	9.314041571119543450e-01	3.340573667989532036e-01
3.792861892047886263e-01	1.269900104777308691e-01	9.253793463946419218e-01	6.541550266781970269e-01	1.399991539462461798e-01	7.844955445122399063e-01	3.428650415139297691e-01	9.737029613953112062e-01	1.593483265946596117e-01	-6.304273622379698988e-03
9.744315478760963156e-01	8.495617174183608400e-01	1.638211582259060384e-01	6.081096058765764756e-01	7.930928933747887211e-01	6.435173926350145068e-01	3.291320400124850276e-01	1.055732378662930460e+00	1.837328730252785758e-01	2.112845283203396429e-01
5.154012164355248338e-01	7.823878861439496069e-01	3.801629111953175877e-01	7.379403523212820781e-01	7.109413535298046982e-01	1.522972362854932427e-01	1.017466988717934256e-01	1.019867990504196964e+00	2.370378698681376295e-01	9.898128816696529775e-01
4.528996603176743685e-01	1.041884411471245553e-01	9.053308827006798509e-01	-2.958418344216419693e-01	3.627983942955738117e-01	4.669199125049559029e-01	-5.112362312305506612e-02	7.375298038039496129e-01	3.665627467466228695e-01	8.554481880891976475e-01
2.554736137910476046e-01	2.827562424375550387e-01	1.868835331218884621e-01	8.059217909751326125e-01	1.016045026225457670e+00	8.558107021112534851e-02	9.055981550137911507e-01	4.734112771516496010e-01	3.002739893610018584e-01	1.137707704874525882e+00
9.684780167306766829e-01	5.432791372930823037e-01	5.343640760882159002e-01	9.431058871166175805e-01	6.663196170637838422e-01	4.806886077716632233e-01	3.789882735116734680e-01	9.151242003444127748e-01	7.647911920284470311e-01	1.319842061352520524e-01
7.163063900912204351e-01	6.312492252492626355e-01	5.291400422644376711e-01	4.595925565165548399e-01	8.585152239862350321e-01	6.281999106294736679e-01	3.872444738191437308e-01	3.617994250791214950e-01	8.455167867228241541e-01	4.539766637823048900e-01
7.810277872770262642e-01	9.221813725879216550e-01	3.691519443547932600e-01	2.721072262679018472e-01	2.147388120858008398e-01	2.324580007983542695e-01	4.227072257308819858e-01	5.269679702808729438e-01	1.445866737281192860e-01	9.786040541525738989e-01
3.616198413314877791e-01	8.052509262962754821e-01	8.036829007408873293e-01	5.607285174732107302e-01	5.184719025335318143e-01	6.733654144696182842e-01	1.113308440888300804e-01	7.151371328339031219e-01	8.821353722879634596e-01	7.409889016263554451e-01
1.727080451263305894e-01	8.426351721459911515e-01	3.193349324876379458e-01	-6.061735173969375751e-02	2.197612658829688551e-02	5.827606020181518298e-01	1.757895213380475941e-01	1.107520788486775265e+00	9.647108423465468041e-01	6.971681018950028896e-01
7.612998863968235552e-01	6.864630445497651445e-01	9.346863051172928094e-02	6.635092871434749018e-01	1.996831611053143107e-01	7.541972133645604703e-01	3.642397516708458238e-01	1.350810304352065838e-01	5.127927017685509625e-01	2.195514600088746271e-01
4.760303250364389394e-01	6.180010479998984119e-01	9.615794170689990761e-01	9.197377716814520987e-01	1.063543873202880796e+00	8.805565805195316731e-01	3.941758903948320292e-01	1.131421502939384399e-01	8.685887048415577016e-01	6.917408761616764545e-01
1.119907023883095709e+00	5.458388510910662239e-01	5.303660099595709498e-01	6.374811108429756512e-01	6.749392939200998809e-01	-1.108434336645448409e-01	3.376398853705466219e-01	-1.284063012499782885e-01	2.165041561421046923e-01	5.522918144853230515e-01
9.393137942623464021e-01	2.092097444271174556e-01	9.546522144756059980e-01	9.205932455316020446e-01	6.428275723680632048e-01	5.644459393466953051e-02	1.032106441969879163e-01	1.609523616179893979e-01	2.805804142094935338e-01	7.354657180594789123e-01
1.139404474417161861e+00	1.420555226970067197e-01	8.907630732295956921e-01	4.551289402950889906e-01	7.659283955559322843e-01	5.377044027144570748e-01	5.046838303210465781e-01	8.918015628987477905e-01	7.804106333317391009e-01	3.564688340985248116e-01
-7.718889934290798505e-02	1.188907993157530818e-01	1.008326082117162459e+00	3.421611993520492501e-01	4.215505801762290394e-01	7.801476816821407700e-01	4.608562457219137626e-02	8.462373282068085256e-01	6.282023804818491763e-01	3.136528094145915602e-01
5.995298250807062912e-01	2.794927797700337835e-01	-6.453799026494173863e-02	7.340875082194034951e-01	6.888053759784615870e-01	2.368485022509320970e-01	9.816429592255654368e-01	9.122825284547414482e-02	7.599794297756499173e-01	5.388662515386257734e-01
8.195364813337530085e-01	7.916605017495632612e-01	5.785762745995809420e-01	7.123862062160566389e-01	4.118617581206288070e-01	4.488152909070333707e-01	7.524875954065276540e-01	6.901353289067005958e-01	3.227019328878356075e-01	6.942870534469129662e-02
-1.048846654766900227e-02	2.775359211982737495e-01	3.005741991746030406e-01	1.056056785398517217e+00	7.403463783634715023e-01	3.705354606979353593e-01	1.060598243543631858e+00	1.374766637905566469e-01	3.043287755917856718e-01	7.961587079642836740e-01
1.044735794071018242e+00	7.548214713868641734e-01	3.398581015825187790e-01	6.903681983244753795e-01	2.283663936311069176e-01	6.382863817436222886e-01	9.336605171064521480e-01	9.602071384643667828e-01	9.822390950932108344e-01	2.643976789601693578e-01
2.474656311573125711e-01	9.101959840140527724e-01	8.515723839068188861e-01	6.490603038947763137e-01	2.971208477644340373e-01	3.975463745438040930e-01	7.709366162330854033e-01	7.576845341485733965e-01	4.730930446337018869e-01	3.790010685588365846e-01
6.425049717096662505e-01	5.638827999496385246e-01	6.582936211025884887e-01	-2.356181666335659813e-02	6.969844517754389956e-01	7.196548938659115269e-01	1.019560119204657944e+00	5.684898490885339495e-01	9.891263585349756582e-01	4.625309041588079317e-01
8.626058035396284573e-01	1.996074745727276223e-01	2.995398783496141040e-02	5.645383370671501755e-01	6.311089975355241855e-01	3.937235041148796078e-01	3.980842790663021713e-01	2.093290873956591969e-01	9.119569790415104071e-01	1.693343786402331241e-01
8.565585540924870456e-01	4.066459049299432360e-01	1.011295408193590539e+00	2.936823781785992127e-01	5.790394372709372073e-01	7.436459633935223190e-02	-1.119517135646463414e-02	-1.113565624273328003e-01	3.406878775081666477e-01	6.522580771323757132e-01
1.023347996523634063e+00	3.814922242250314288e-01	5.420017428667017745e-01	6.538055337589758764e-01	8.938194373961095840e-01	6.387712023919369653e-01	1.048379751429923123e+00	4.505146536841639349e-01	4.863144224546260830e-01	1.813260786393907920e-01
7.040101501063487921e-02	6.751860988037672318e-01	9.769486221394871883e-01	7.020829104305064128e-01	2.630893484724467490e-01	2.519050428958793941e-01	3.622835462089409875e-01	7.604168102430598486e-01	5.988363443963169441e-01	7.881516562357422373e-01
1.018565048757733793e+00	3.401054208585875260e-01	3.751196215126911815e-01	7.579171064148779724e-01	8.988051982384355210e-01	5.444737385705625266e-02	3.859550675730019642e-01	7.721391821006443612e-01	6.897229850670242302e-01	4.156451154804761683e-01
2.759657027351419267e-01	1.038558249411663637e+00	6.188693136203553546e-01	8.086467257457470303e-01	8.867106609618792268e-01	9.149488271563043229e-01	5.483009194783912132e-01	1.040062978539556093e+00	7.780788091057788680e-01	9.533606726508008222e-01
4.770393233824496426e-01	1.016820720520563492e+00	1.012952329255789596e+00	5.364264593727088304e-01	3.140569872562655740e-01	7.247369018508853511e-01	3.540453568976853482e-01	6.611411376308645726e-01	3.377086885111997838e-01	4.008152366967999147e-01
4.038081519667969799e-01	5.372690677886531319e-01	3.975347964182794624e-02	9.836030706341930552e-01	7.326712313545622468e-01	3.064056969871293279e-01	-4.543115404788390654e-02	7.870787864484617424e-01	3.337946362055477789e-01	9.469889859485913775e-01
3.151674629746263334e-01	4.715682706380328049e-01	8.216422636067662877e-01	8.086879896746609342e-01	4.453250444376704031e-01	5.555840068645431229e-01	7.009534155852238380e-01	1.705812130245306923e-01	6.459358896118619908e-01	1.803786611936432638e-01
5.408855770918238326e-01	2.295296556999562310e-01	7.279652456684501116e-01	6.708582283781430178e-01	1.949690571436973885e-02	6.993641674338182956e-02	4.124402348306947519e-01	1.539701312524615340e-01	1.006450452798047790e+00	4.797464660812904014e-01
5.160326196704981827e-01	4.406146651720557195e-01	9.230642316764360311e-01	2.452725312781642575e-01	6.477521695490883191e-01	4.259049968198553859e-01	4.967882267654920581e-01	3.892848083808734816e-01	9.862277464152403583e-01	1.143924794688388757e-01
7.214911153251946097e-01	1.724465820479747780e-01	5.668596307264912593e-01	2.816597351123481530e-01	7.597315792785807043e-01	9.443286334816072269e-01	7.981269302334712545e-01	4.460240490252158074e-01	9.756954251983651627e-01	8.710687737481193071e-01
1.757130467773554069e-02	6.878457039899226189e-01	6.034909560390586680e-01	5.611600836110198776e-01	1.058946678079861314e+00	5.522104349055894090e-01	4.549388187384310611e-01	7.383315113487870507e-01	5.666474114015822572e-01	6.222101758088540713e-01
3.508839764567985298e-01	6.478177283132104947e-01	2.035822007012981771e-01	1.037923688524829968e+00	4.497289618683472101e-01	1.103414343650693574e+00	9.458837691225752131e-01	9.511423009869807155e-01	4.959136675134042105e-01	7.755301847177739072e-01
1.426282512926072277e-01	5.063292249130298961e-01	8.315790653009150768e-01	6.628904791448578804e-01	6.173036361585312326e-01	1.818192628894274576e-01	5.120059801578565883e-01	7.528380230343375557e-01	2.005002733270060122e-01	8.103135388203847045e-02
6.799577635025063627e-01	3.828326480229171658e-01	1.197718297297105904e-02	6.110682205824700119e-01	1.499328733451735229e-01	5.852630967998463385e-01	8.909173503033727959e-02	3.354302376917263628e-01	3.355418767241224454e-01	-6.081686347920459840e-02
6.786870953091235503e-02	2.747505082054951253e-01	1.128914780093378312e+00	5.631949123403963142e-01	2.053589410989095365e-01	5.185974483783393207e-01	8.564042025425294691e-01	8.221033545955668265e-01	4.948484677292250278e-01	4.011189900080249227e-01
1.048694068363315690e+00	2.098729450428287180e-01	7.178599299236713138e-01	6.354080463344653484e-01	4.670807734714993442e-01	6.347033019341711269e-01	4.798465964409684426e-01	3.512356163075607829e-01	5.046269857854822627e-01	3.713322583122722897e-01
4.917452752333289490e-01	3.985585486807944888e-01	9.517117064526582348e-01	4.856724755850322373e-01	8.389780953603531710e-01	9.861178862962336478e-01	4.973324426127854747e-01	6.208690715889166878e-01	2.504813358672964285e-01	2.985132264122625778e-01
4.486736145771311191e-01	2.482415915951850516e-01	9.352299535135160102e-01	7.749845947820156455e-01	1.669938039661723328e-01	6.772916383490170666e-01	4.392983016986349298e-01	8.193105425030340339e-01	4.090027404903381902e-01	7.600148129068466929e-01
1.037836391056452978e+00	6.526945694063891468e-01	5.556280413706659038e-01	3.420313975815542085e-01	6.358008852783049170e-01	8.880378824633240464e-01	8.169338409846280125e-02	9.788836438503535353e-01	1.219692046356757459e-01	4.332124161190696321e-01
1.063783992155629576e+00	4.330168566464099866e-01	3.949996113306468715e-01	8.088129390935746565e-01	8.875169191144947067e-01	3.697429072831823760e-01	7.176618075142893183e-01	2.674907921285307189e-01	1.346431594542987498e-01	9.185673226211227282e-01
2.841021824872190238e-01	6.100895795729952553e-01	5.014352486940045761e-01	7.663653746030782976e-01	2.038561264843652132e-01	8.433092040677296897e-01	2.972102675991343257e-01	9.118940417686515199e-01	1.988459910328503333e-01	1.184622991759245597e-01
3.984177283152938731e-01	5.217636473689882953e-02	5.426026312206997382e-01	9.132975228946476065e-01	8.628457890173497624e-01	9.648618935782486972e-01	4.686325806796545201e-01	1.690575067759153560e-01	3.336571191958090932e-01	7.802585510762524157e-01
5.114359103371289850e-01	7.000471691983132239e-01	1.007169879583632577e+00	6.212543129760300653e-01	5.267479505204897272e-01	4.051086547619449640e-01	5.164951827345871660e-01	6.289706425308798643e-01	3.360165669373974540e-01	8.695897521409180486e-01
3.760461872371796410e-01	1.248081091910175841e-02	6.426166890303499635e-01	1.012907053690437653e+00	2.244823117824120418e-01	6.010560969779911167e-01	4.388452919568572863e-01	6.476326457642981316e-01	6.237092263881081067e-01	2.322798554196897070e-01
7.225040361052883497e-01	-6.520959288762004542e-03	4.346385292364143837e-01	6.142447694168571282e-01	3.140455504602167602e-01	4.292149614258519152e-01	6.162520949056597974e-01	1.118536966402274985e-01	3.127697359091812235e-01	5.483156891298348601e-01
1.128831957457858970e-01	-3.177461355426511314e-02	4.411331162020848962e-01	9.430477217773381993e-01	4.120166423691654090e-01	2.274802297306794119e-01	8.025290177181731988e-01	6.185770230525009516e-01	2.635269015680989368e-01	7.930614544851364300e-01
2.984462407064133460e-01	3.783853414242890900e-01	3.014957847432326865e-01	6.442050554367145798e-01	5.328520058906519585e-01	-3.015487844306943138e-02	7.765096444306057721e-01	2.550333407785302375e-01	7.910962339277709532e-01	7.366706981358094319e-01
1.383189374291408924e-01	3.566469649002589892e-01	2.049884906316385702e-01	8.372408048503009181e-02	8.239439581560498160e-01	6.593777715960846830e-01	8.518955624801187454e-02	7.936041486343610174e-01	4.011599939227098455e-01	7.111930256049215915e-01
8.942217407386627848e-01	6.581846218188747155e-01	-1.745744285870241275e-01	2.330615124518382875e-01	7.744158050050322650e-01	6.464586331863083624e-01	8.226295332637804103e-01	-1.463602603150043757e-01	-4.484826315456787865e-02	5.921753042935148370e-01
5.663146832121680463e-01	5.124525161282653674e-01	5.052419014519431428e-01	1.106330939559694082e+00	9.779540747887808250e-01	8.623423863747703422e-01	4.556461607807997805e-01	4.717052234757876383e-01	5.465788567548593990e-01	7.463535718606276737e-01
7.216362387193336891e-01	8.617684494024819841e-01	1.936270619606328958e-01	1.596792452736022494e-01	9.133715352366379436e-01	6.631515717061866599e-01	1.043967003639379776e+00	8.705615461808404731e-01	-3.719407794199788841e-02	4.386719871801608162e-01
2.577535179654403819e-01	4.208548451694531511e-01	8.558748967270378705e-01	8.652808335900791237e-02	2.390778069989587529e-01	5.969287606620585773e-01	7.160116221418728610e-01	4.901144390335308576e-01	6.425801210680934794e-01	4.123233629398134203e-01
2.298577860430091602e-01	1.493777044351297933e-01	4.511535914501853539e-01	4.223422186985147930e-01	1.091141759213215989e+00	4.918500660139594194e-01	3.042271976693592950e-01	6.293887071967008140e-01	2.557049807426015620e-01	2.029500497156779826e-01
1.881084853614654051e-01	5.202365023741688521e-01	2.050021904290664360e-02	2.268840291777116380e-01	5.957232267630793165e-01	7.955449639773104487e-01	7.159159674673069018e-01	3.585823300822789106e-01	3.431603670216520907e-01	1.474869892303916907e-01
-3.370746202225410187e-02	1.058201893186574871e+00	2.649527871744110086e-01	-7.076265445317366301e-03	5.946971450980876872e-01	-1.523608695683326825e-02	1.327295524289335005e-01	5.377824921768149524e-01	3.803891513226400622e-01	3.200159246355698817e-01
6.462659272746149597e-01	9.800684088262562321e-02	8.136974454095519116e-01	6.279589233045768104e-01	4.351967900924321730e-01	8.744507906243774720e-01	8.255822265496398638e-01	8.839328893425276723e-01	9.846422213858736505e-01	5.954656137553898665e-01
5.263270631121435006e-01	7.951266894575316213e-01	4.978550390138870574e-01	3.699055939588266062e-01	6.201414112312982896e-01	9.633574425067609193e-01	3.026061426020495992e-01	4.989911399698807037e-01	8.071138154664295739e-01	2.106849468741851250e-01
3.607203873230871993e-01	7.523269764880768928e-01	8.391001548160709200e-01	8.934138227683197098e-01	8.553449878329713041e-01	3.510226102175709739e-01	1.538584240051965035e-01	5.618739120900066997e-01	9.799225492827211559e-01	6.448005002967038823e-02
8.825361373643437757e-01	3.802626936705882366e-01	2.359986862065956148e-01	9.775089935518558315e-01	3.246896627866960316e-01	1.399378317420054141e-01	6.293954341795731100e-01	3.607031492584578114e-01	1.281258393023650688e-01	2.742917518070288607e-01
2.978911253250412505e-01	7.119026584355315768e-01	9.079978762345423116e-01	6.084075156844817034e-01	1.025470546675516098e-01	6.004103098409234729e-01	3.322682671712299252e-01	6.846940684920256315e-01	1.930842994181324046e-01	4.463599528500568625e-01
1.353818877685676603e-01	8.795677157611953012e-01	1.984810827051178284e-01	1.177955305399781549e-01	-6.982791156546427902e-02	6.265828382290224985e-01	4.546631244074068046e-01	7.793054401438814782e-01	3.090840873177461701e-01	6.613326822107588043e-01
7.574922344699585031e-01	1.162070422654553736e+00	4.801065381734915261e-01	4.356716884055330530e-01	9.087393932493834647e-01	6.633361585332563370e-01	8.970024900242624666e-01	6.174542134699755325e-01	2.765040913959615487e-01	1.364936437498009275e-02
2.997569575717557999e-01	3.889162428079405709e-01	6.615228327070165060e-01	1.063195052612227132e+00	3.167603651891994221e-01	3.522325112367794692e-02	3.081325322121708510e-01	7.162917790134317730e-01	7.009209311601315440e-01	9.604678918217771089e-02
8.942900449181246936e-01	3.024135305971305532e-01	7.153966195670545813e-01	1.321958990119534438e-01	6.988614402671460279e-01	5.904313778064531615e-01	6.156762103767826622e-02	-1.504333475549694300e-02	2.952837653688804576e-01	6.335955554161700753e-01
3.868631944882899298e-01	1.248560129021221432e-01	1.477920413650071763e-01	2.996684639865976330e-01	6.816105944944388095e-02	8.094481068601687701e-01	-1.064552054365218783e-02	1.210648671817035477e-01	1.019018159962618020e+00	2.392738725355735840e-01
4.227697307287550665e-01	4.092882433313727586e-01	3.368396522541871052e-01	7.128510685896233268e-01	4.429639130891529497e-01	3.789905889344652445e-01	6.184483790787845825e-01	4.460558618921242613e-01	7.820447933272286489e-01	8.413324783873576962e-01
3.093413630985425433e-01	7.066686959975425619e-01	3.307793745914729966e-01	7.749375767758740485e-01	8.852677053161216447e-01	8.659624538248642533e-01	7.996403687718129927e-01	7.756196465062081824e-01	7.481015207648822329e-01	5.387206237743543541e-02
1.170001981404925201e-01	6.585249301956401791e-01	7.392887463447956886e-01	6.598212050483009961e-01	2.271677045250078686e-01	8.061703614821572605e-01	3.104032698800793799e-01	8.848688026309881050e-01	2.707659579533673311e-01	9.143706001543152606e-01
8.065682980221394738e-02	2.635451960570394658e-01	1.116617681633612413e+00	8.407540771428149984e-02	7.508251963489123160e-01	6.121693438513852170e-01	-4.439809151562289918e-02	4.290555608152571976e-01	9.728118719293109562e-01	1.070088381671834954e+00
2.587840562751586027e-01	2.975955804572013585e-01	8.755745303375552790e-01	2.991847260781834161e-01	7.129696343714150286e-01	1.627300726535597930e-01	5.667728723163432125e-01	6.860486696016052655e-01	8.700325169827825000e-01	2.630282298491935511e-01
4.102743415890057754e-01	4.003041706104836783e-01	1.088096508660190587e+00	2.140873547894831253e-01	7.959358879638442907e-01	3.391452315109556581e-01	-1.384382871885866118e-01	6.200112852146316689e-02	6.574952658458343979e-02	8.902497120050816282e-01
5.770581431318103638e-01	7.690338028610693710e-01	8.200643398753810764e-01	8.971523335207577388e-01	6.290999945517451453e-01	5.567421867474173780e-01	1.438600045317784404e-01	8.305942938845850554e-01	7.105166663102320257e-01	1.072545903213672602e+00
9.398864015421933837e-01	6.378013722109712180e-01	6.431351283447500622e-01	3.386270794169108922e-01	-3.070772898090615849e-02	5.449464391387673912e-01	3.417219325357060966e-01	8.288645841247397339e-01	1.482902698864727031e-01	-1.305191792744745116e-01
6.904398491817609340e-01	9.274827768446446408e-01	3.897787428039606317e-01	4.510567480755626746e-01	7.311648388713807289e-01	1.050363586721219100e+00	5.296275394778967582e-01	1.633168413885135728e-01	5.581016366049202510e-02	-4.963885329780531874e-02
6.883112131000709288e-01	9.383204967102354299e-01	8.233793141143057603e-01	4.250862332956879541e-01	8.425447378394096409e-01	5.395412030071478071e-01	4.405711692957532399e-01	4.942243954762103320e-01	5.158147478909043127e-01	6.637314116750235582e-02
1.900595314238979483e-01	7.251309144763018466e-01	3.664430129196426522e-01	7.170304889807636028e-01	5.686329018655374989e-01	1.173185835345539774e+00	5.536865721794727024e-01	9.599347694742621506e-01	9.710411587315190829e-01	4.546844941032631149e-01
5.467845178559271879e-01	2.258492816811566994e-01	7.842456658283137871e-01	9.178481044774836617e-01	4.218038118154964766e-01	4.693825903592115933e-01	2.976150614135023020e-01	1.371458781249599579e-01	3.572860645103173582e-01	7.721674090262364842e-01
5.278808468419116107e-01	3.061222810680412354e-01	6.757047889879086444e-01	6.706792390377843693e-01	5.774324559961334646e-01	6.869795352284712164e-01	8.735094798205830235e-01	2.574012604021006512e-01	1.204854327938472275e-01	7.658989862803281534e-01
3.630969549142250008e-01	7.628628100581871241e-01	7.775825529498460176e-01	5.117919986105941010e-01	5.245758690658992585e-01	1.854280869423300115e-01	8.286647931626996977e-01	1.089189678074791445e-01	4.042831342398498506e-01	6.182591339303550315e-01
5.215414921002301529e-01	7.276366616481284577e-01	4.939645399601390041e-01	2.916578745303510800e-01	3.916089764351117219e-01	1.566125583969431023e-01	7.862653002307413708e-01	2.286090179607568884e-01	9.817509411017585341e-01	3.408526536626075853e-01
3.148250825728607372e-01	8.665171664503633631e-01	4.500658876481451742e-02	8.543044262812310441e-01	5.120172949373494875e-01	6.712349749429590284e-01	1.115470135636923654e+00	1.440684568541402977e-01	1.991117260828755287e-01	3.469589005270411891e-02
3.432600045886943091e-02	5.472139848981625310e-01	6.600179063546759428e-01	7.092098588596315034e-01	6.465907214897907984e-01	3.554458204121480613e-01	6.468969720159095660e-02	6.484631818419656080e-01	2.325441479560496627e-01	6.965264148229548535e-01
5.362255679358169935e-01	2.765410422094639054e-01	2.057351112870977883e-01	6.980901745648002699e-01	1.041914511058264603e+00	7.405494070673861451e-01	5.252978234998586515e-01	2.322683038566059066e-01	9.508515012447088521e-01	5.499077808526826594e-01
8.366130215588075680e-01	3.422100412958035132e-01	1.869500876979307280e-01	3.513015665284286992e-01	5.579112832061831062e-01	9.414546828107634990e-01	9.060771192594251344e-01	6.261324654233770826e-01	6.585074635195579118e-01	6.105797913259934928e-01
4.115136754833040311e-01	3.365273354742929213e-01	2.061796109412500910e-01	6.093778544602339586e-01	7.607843279122133984e-01	2.618294601806510080e-01	8.993486978890359307e-01	4.535173810030947439e-01	1.745033411905757004e-01	1.061769360642125459e+00
1.040071329584361326e+00	8.410390885761140911e-01	3.539291653281071426e-01	1.553513522445279793e-01	8.525791617251223808e-01	-7.604206356962488721e-03	2.710748954096000585e-01	2.713876932260496644e-01	3.861020367158841116e-01	9.748306108363533617e-01
2.215047483441294762e-01	9.066682175560338841e-01	5.218356909378283476e-02	9.801242143588688727e-01	1.046798923290824135e+00	3.273486780673568464e-01	8.745640770144963438e-01	2.504602626037900071e-01	1.606572666937197691e-01	6.221339089990759463e-01
4.474748304544978184e-01	3.506476625460062668e-01	9.565618258131358687e-01	2.006072360450479597e-01	9.087715074846265395e-01	5.941932528360222010e-01	6.708679774132656481e-01	1.034790746162988828e+00	3.962756307017501478e-01	2.071165109290015738e-01
8.223416237492198189e-01	5.885691467119763542e-01	1.285093932248680959e-01	3.142820943396547051e-01	6.369297181345200398e-01	6.455241023521782751e-01	7.866547474295689790e-01	3.163812653181655166e-01	6.354785415969276263e-01	4.576725963613046955e-01
