0	13	0.278078
0	4	0.233640
0	7	0.219432
0	0	0.188062
0	3	0.115915
0	1	0.087347
0	11	0.073525
0	14	0.051670
0	10	0.040834
0	2	0.040712
0	12	0.039767
0	6	0.028460
0	15	0.025191
0	9	-0.010733
0	8	-0.019079
0	18	-0.027781
0	19	-0.048029
0	5	-0.076340
0	16	-0.081501
0	17	-0.203851
1	13	0.477150
1	7	0.184723
1	4	0.143864
1	3	0.140830
1	5	0.075236
1	8	0.071453
1	0	0.026859
1	1	0.026611
1	16	-0.020963
1	9	-0.045215
1	18	-0.051175
1	10	-0.052132
1	17	-0.075598
1	12	-0.076351
1	2	-0.093682
1	11	-0.096335
1	14	-0.113765
1	6	-0.118916
1	19	-0.133941
1	15	-0.165905
2	13	0.515641
2	7	0.186113
2	11	0.099786
2	12	0.098154
2	3	0.030207
2	0	0.025620
2	15	0.021544
2	4	0.013993
2	8	-0.000208
2	18	-0.013115
2	2	-0.036812
2	1	-0.039243
2	16	-0.067233
2	5	-0.102696
2	14	-0.128533
2	10	-0.143515
2	9	-0.155328
2	6	-0.170303
2	19	-0.170640
2	17	-0.192650
3	13	0.507957
3	4	0.197196
3	7	0.185197
3	3	0.129215
3	14	0.095472
3	17	0.071944
3	8	0.037150
3	18	0.027128
3	19	0.024127
3	16	0.004607
3	5	-0.004424
3	10	-0.004760
3	12	-0.011023
3	0	-0.058908
3	1	-0.066699
3	11	-0.070388
3	15	-0.080294
3	9	-0.086505
3	6	-0.127872
3	2	-0.192055
4	13	0.426587
4	4	0.256480
4	7	0.217827
4	0	0.133227
4	14	0.092355
4	2	0.088359
4	3	0.052231
4	11	-0.008363
4	15	-0.015717
4	5	-0.016216
4	12	-0.034454
4	19	-0.034837
4	18	-0.057527
4	10	-0.062203
4	6	-0.063315
4	17	-0.072322
4	1	-0.083501
4	16	-0.092530
4	8	-0.109197
4	9	-0.130471
5	13	0.373540
5	4	0.220611
5	3	0.200493
5	7	0.079106
5	10	0.076354
5	14	0.030834
5	17	0.015971
5	16	-0.004132
5	1	-0.009484
5	11	-0.011589
5	12	-0.035266
5	19	-0.035319
5	5	-0.069490
5	15	-0.071081
5	9	-0.079245
5	18	-0.103569
5	6	-0.105987
5	8	-0.140314
5	2	-0.143499
5	0	-0.146065
6	13	0.464627
6	3	0.268782
6	4	0.262761
6	12	0.089352
6	10	0.087388
6	17	0.081105
6	2	0.069980
6	14	0.042812
6	7	-0.001497
6	9	-0.022618
6	0	-0.030086
6	16	-0.033411
6	8	-0.034356
6	11	-0.035923
6	19	-0.049551
6	18	-0.071766
6	15	-0.090796
6	1	-0.094586
6	5	-0.099252
6	6	-0.187774
7	13	0.244872
7	3	0.239903
7	4	0.170010
7	7	0.129413
7	8	0.051699
7	14	0.002806
7	9	-0.011092
7	1	-0.040545
7	19	-0.062268
7	10	-0.070803
7	0	-0.073471
7	16	-0.084834
7	5	-0.091899
7	15	-0.131527
7	6	-0.151273
7	12	-0.159213
7	17	-0.179466
7	18	-0.218915
7	2	-0.280586
7	11	-0.296648
8	13	0.428740
8	7	0.320749
8	12	0.168446
8	14	0.128824
8	9	0.110378
8	4	0.097544
8	18	0.065291
8	11	0.060002
8	1	0.048355
8	2	0.015348
8	6	-0.012551
8	3	-0.027715
8	16	-0.038297
8	8	-0.042413
8	19	-0.068665
8	10	-0.078396
8	5	-0.086790
8	0	-0.126038
8	17	-0.236087
8	15	-0.238275
9	13	0.506822
9	7	0.268289
9	3	0.231617
9	4	0.202019
9	8	0.106694
9	11	0.080421
9	12	0.071947
9	2	0.027898
9	6	0.026867
9	18	-0.024765
9	17	-0.026247
9	0	-0.035393
9	1	-0.047873
9	15	-0.074630
9	5	-0.083270
9	14	-0.096015
9	16	-0.112160
9	10	-0.112985
9	9	-0.123465
9	19	-0.157941
10	13	0.329812
10	3	0.186224
10	4	0.068098
10	7	0.050005
10	8	0.023350
10	6	0.023291
10	11	0.011252
10	2	0.003559
10	5	-0.013583
10	0	-0.018969
10	10	-0.031184
10	17	-0.053278
10	12	-0.056579
10	18	-0.071182
10	14	-0.084475
10	9	-0.091688
10	15	-0.113179
10	19	-0.119899
10	1	-0.123645
10	16	-0.133690
11	7	0.271931
11	13	0.125600
11	3	0.067484
11	4	0.015748
11	0	-0.033018
11	8	-0.063986
11	16	-0.069138
11	15	-0.070289
11	1	-0.097418
11	9	-0.101860
11	19	-0.121170
11	5	-0.127376
11	14	-0.189310
11	6	-0.213654
11	10	-0.216591
11	18	-0.225905
11	12	-0.241587
11	2	-0.260662
11	17	-0.291827
11	11	-0.308410
12	13	0.352218
12	7	0.194560
12	3	0.122713
12	8	0.034885
12	17	-0.003665
12	4	-0.026023
12	19	-0.039136
12	11	-0.043209
12	0	-0.065080
12	12	-0.068885
12	18	-0.068931
12	2	-0.132084
12	5	-0.152039
12	15	-0.153802
12	6	-0.168150
12	10	-0.188311
12	14	-0.245150
12	9	-0.248228
12	16	-0.267083
12	1	-0.336438
13	13	0.194683
13	3	0.080021
13	7	-0.003491
13	16	-0.030517
13	8	-0.068524
13	9	-0.133983
13	15	-0.135817
13	4	-0.179103
13	17	-0.195120
13	19	-0.243228
13	10	-0.256084
13	2	-0.287875
13	0	-0.295415
13	14	-0.305669
13	6	-0.322361
13	1	-0.363315
13	11	-0.368820
13	5	-0.386404
13	18	-0.419574
13	12	-0.424172
14	13	0.458252
14	4	0.204092
14	8	0.127476
14	12	0.123502
14	10	0.119081
14	7	0.117389
14	3	0.089669
14	0	0.077620
14	18	0.064037
14	19	0.049815
14	2	0.010920
14	5	0.005078
14	17	-0.039551
14	11	-0.043374
14	14	-0.074235
14	6	-0.079821
14	9	-0.113349
14	16	-0.155670
14	1	-0.164218
14	15	-0.178175
15	4	0.377165
15	13	0.377036
15	7	0.300418
15	3	0.220538
15	0	0.181993
15	5	0.145254
15	8	0.136379
15	11	0.072873
15	9	0.051508
15	15	0.028154
15	12	0.027476
15	14	0.005527
15	10	-0.013137
15	2	-0.045747
15	6	-0.046525
15	16	-0.051689
15	1	-0.097068
15	19	-0.150606
15	18	-0.153600
15	17	-0.201746
16	13	0.290907
16	7	0.119161
16	4	0.049729
16	16	0.012384
16	14	-0.033489
16	3	-0.064511
16	0	-0.085017
16	12	-0.120957
16	1	-0.125746
16	15	-0.157818
16	2	-0.173126
16	9	-0.173148
16	11	-0.196962
16	5	-0.211970
16	6	-0.246732
16	8	-0.288291
16	17	-0.296611
16	18	-0.301436
16	10	-0.325579
16	19	-0.353285
17	13	0.337533
17	4	0.189370
17	7	0.156936
17	0	0.113362
17	15	0.095189
17	3	0.071591
17	14	0.065978
17	8	0.043071
17	1	0.037673
17	16	0.032546
17	2	-0.012844
17	10	-0.035516
17	9	-0.044989
17	5	-0.067973
17	12	-0.081615
17	19	-0.115492
17	11	-0.116474
17	18	-0.120062
17	17	-0.272439
17	6	-0.318249
18	13	0.252460
18	4	0.198948
18	3	0.169766
18	16	0.134620
18	9	0.119563
18	7	0.096807
18	11	-0.030699
18	14	-0.067888
18	8	-0.074329
18	15	-0.076513
18	12	-0.076949
18	5	-0.147897
18	19	-0.194400
18	1	-0.204595
18	6	-0.209216
18	17	-0.221826
18	10	-0.224567
18	2	-0.286504
18	18	-0.292020
18	0	-0.330115
19	13	0.268334
19	7	0.064261
19	4	0.056348
19	19	0.017057
19	3	0.005696
19	0	-0.028265
19	17	-0.063836
19	16	-0.065080
19	8	-0.106842
19	10	-0.108758
19	11	-0.118050
19	14	-0.132495
19	1	-0.154708
19	12	-0.157723
19	9	-0.176896
19	5	-0.200676
19	18	-0.230657
19	2	-0.261710
19	6	-0.267065
19	15	-0.334294
20	13	0.307401
20	3	0.141869
20	7	0.134118
20	11	0.066515
20	4	0.062886
20	6	0.050873
20	18	0.003051
20	1	-0.035606
20	14	-0.039854
20	8	-0.058157
20	12	-0.076041
20	16	-0.081725
20	19	-0.089742
20	0	-0.097885
20	15	-0.143812
20	2	-0.157642
20	10	-0.165845
20	9	-0.168963
20	5	-0.180721
20	17	-0.291139
21	13	0.450161
21	8	0.134721
21	4	0.127344
21	5	0.054554
21	12	0.045788
21	3	0.029359
21	7	0.028179
21	2	-0.015352
21	18	-0.023834
21	1	-0.032271
21	11	-0.039968
21	19	-0.042313
21	9	-0.048665
21	10	-0.050940
21	0	-0.082923
21	14	-0.084550
21	16	-0.105295
21	6	-0.116521
21	15	-0.150040
21	17	-0.170043
22	7	0.415844
22	13	0.257306
22	3	0.153161
22	4	0.141701
22	6	0.138155
22	19	0.131574
22	5	0.129114
22	14	0.098111
22	1	0.082782
22	0	0.009216
22	8	-0.027054
22	15	-0.031944
22	17	-0.041819
22	9	-0.043292
22	11	-0.065617
22	2	-0.083098
22	16	-0.112696
22	10	-0.139561
22	12	-0.159942
22	18	-0.163034
23	13	0.459307
23	7	0.274825
23	3	0.163168
23	4	0.113937
23	8	0.089739
23	5	0.080425
23	2	0.044392
23	12	0.010197
23	16	-0.021360
23	14	-0.022163
23	0	-0.028616
23	15	-0.040242
23	18	-0.041510
23	11	-0.052039
23	6	-0.054974
23	10	-0.088427
23	9	-0.115435
23	17	-0.137348
23	19	-0.166919
23	1	-0.173122
24	13	0.345108
24	7	0.289276
24	4	0.202871
24	3	0.060862
24	12	0.036171
24	8	0.034432
24	18	0.028384
24	11	0.027895
24	14	0.015262
24	0	-0.016327
24	6	-0.040818
24	15	-0.050588
24	19	-0.072470
24	5	-0.082181
24	1	-0.086747
24	2	-0.092091
24	10	-0.098574
24	16	-0.107211
24	9	-0.143354
24	17	-0.200341
25	13	0.462984
25	3	0.256266
25	7	0.241342
25	4	0.147776
25	8	0.126344
25	9	0.018193
25	19	0.002835
25	14	-0.001139
25	16	-0.004708
25	1	-0.006050
25	6	-0.029147
25	5	-0.066895
25	10	-0.074671
25	15	-0.076395
25	11	-0.087494
25	17	-0.094061
25	12	-0.098445
25	2	-0.128515
25	18	-0.137825
25	0	-0.172213
26	13	0.397196
26	7	0.249627
26	3	0.246381
26	8	0.202878
26	4	0.126993
26	5	0.119054
26	9	0.047544
26	19	0.041433
26	15	0.016434
26	16	0.009233
26	18	0.002076
26	10	0.000162
26	12	-0.053370
26	6	-0.054619
26	0	-0.065161
26	1	-0.065843
26	11	-0.100582
26	2	-0.174831
26	17	-0.178878
26	14	-0.181140
27	13	0.337889
27	7	0.305813
27	4	0.236268
27	15	0.141881
27	19	0.134481
27	6	0.108856
27	11	0.103182
27	16	0.077612
27	9	0.073199
27	3	0.057109
27	5	0.055927
27	1	0.046771
27	12	0.046341
27	18	0.041875
27	2	0.033950
27	8	0.026950
27	10	-0.006676
27	14	-0.022383
27	0	-0.056240
27	17	-0.144551
28	13	0.394460
28	4	0.120516
28	8	0.074012
28	3	0.067365
28	11	0.054681
28	7	0.053227
28	5	0.021349
28	2	0.001331
28	17	-0.006333
28	19	-0.007834
28	18	-0.052131
28	10	-0.064649
28	9	-0.073398
28	0	-0.078960
28	14	-0.082392
28	16	-0.106215
28	12	-0.115235
28	1	-0.142156
28	15	-0.166779
28	6	-0.330924
29	13	0.393201
29	4	0.390723
29	7	0.290331
29	14	0.184037
29	3	0.163708
29	1	0.116180
29	8	0.096013
29	19	0.044189
29	12	-0.000634
29	17	-0.014413
29	16	-0.022543
29	18	-0.040414
29	2	-0.041242
29	6	-0.059676
29	15	-0.069392
29	11	-0.070751
29	9	-0.071838
29	5	-0.078877
29	0	-0.108319
29	10	-0.147519
30	13	0.425564
30	7	0.068432
30	4	0.065896
30	8	0.038916
30	3	0.022503
30	0	-0.033245
30	16	-0.072338
30	6	-0.072513
30	1	-0.096900
30	2	-0.099917
30	10	-0.115527
30	11	-0.117556
30	5	-0.146202
30	12	-0.196577
30	18	-0.212233
30	9	-0.222797
30	19	-0.222878
30	17	-0.234617
30	14	-0.252725
30	15	-0.273598
31	13	0.382766
31	3	0.221667
31	4	0.152249
31	7	0.121869
31	6	0.084580
31	0	0.014772
31	19	-0.011892
31	14	-0.036089
31	8	-0.039642
31	11	-0.051326
31	12	-0.092494
31	10	-0.115624
31	17	-0.116549
31	2	-0.138627
31	1	-0.139512
31	5	-0.152684
31	16	-0.158092
31	15	-0.183319
31	18	-0.202256
31	9	-0.222061
32	13	0.300870
32	7	0.168739
32	3	0.105721
32	4	0.074540
32	9	0.068043
32	15	0.032259
32	11	0.015499
32	16	0.009989
32	5	-0.003799
32	0	-0.010748
32	8	-0.046661
32	19	-0.065397
32	1	-0.109361
32	12	-0.112030
32	2	-0.123523
32	14	-0.128354
32	18	-0.168652
32	6	-0.209062
32	10	-0.228643
32	17	-0.237248
33	13	0.501407
33	3	0.384351
33	7	0.296121
33	8	0.140397
33	5	0.093510
33	4	0.081370
33	18	0.042578
33	6	0.012798
33	17	-0.028968
33	15	-0.031969
33	12	-0.048603
33	0	-0.052832
33	10	-0.062016
33	19	-0.066532
33	2	-0.078977
33	14	-0.099136
33	1	-0.102711
33	11	-0.108274
33	16	-0.135875
33	9	-0.181202
34	13	0.369929
34	3	0.146314
34	7	0.114399
34	4	0.075392
34	8	-0.025941
34	0	-0.030630
34	9	-0.042314
34	17	-0.042762
34	14	-0.043566
34	12	-0.043673
34	18	-0.083365
34	5	-0.117056
34	16	-0.123839
34	11	-0.127036
34	1	-0.149513
34	10	-0.169513
34	15	-0.178056
34	2	-0.181530
34	19	-0.206908
34	6	-0.277204
35	13	0.380610
35	4	0.248409
35	11	0.162421
35	3	0.151151
35	12	0.128848
35	7	0.123167
35	14	0.036888
35	2	0.027500
35	1	0.021851
35	18	-0.006045
35	6	-0.023906
35	10	-0.048976
35	0	-0.069801
35	16	-0.072084
35	17	-0.083460
35	5	-0.109749
35	15	-0.129855
35	19	-0.154370
35	9	-0.173853
35	8	-0.182696
36	13	0.247094
36	7	0.129189
36	3	0.128917
36	8	0.018533
36	4	-0.020409
36	12	-0.037846
36	9	-0.053700
36	15	-0.059627
36	16	-0.060445
36	2	-0.061962
36	11	-0.119417
36	18	-0.122278
36	14	-0.124537
36	6	-0.141319
36	10	-0.143654
36	19	-0.162659
36	17	-0.190678
36	0	-0.204672
36	5	-0.210103
36	1	-0.255757
37	13	0.503159
37	8	0.300982
37	7	0.279257
37	3	0.277725
37	4	0.221344
37	19	0.101462
37	10	0.053271
37	14	0.051954
37	2	0.008829
37	9	-0.019553
37	6	-0.020600
37	12	-0.024955
37	5	-0.037283
37	15	-0.054923
37	18	-0.066367
37	0	-0.095833
37	16	-0.122752
37	1	-0.139700
37	17	-0.146108
37	11	-0.199113
38	7	0.361466
38	13	0.273658
38	4	0.140233
38	9	0.133547
38	3	0.066963
38	1	0.033985
38	12	0.033982
38	5	-0.008702
38	15	-0.008971
38	11	-0.018312
38	14	-0.036710
38	16	-0.045704
38	2	-0.048132
38	10	-0.064133
38	6	-0.084761
38	8	-0.090029
38	18	-0.091278
38	19	-0.114241
38	0	-0.124647
38	17	-0.251120
39	13	0.380786
39	4	0.132154
39	8	0.118812
39	3	0.111888
39	7	0.060305
39	0	-0.009515
39	19	-0.011293
39	12	-0.110112
39	5	-0.110426
39	18	-0.123795
39	9	-0.126371
39	17	-0.135375
39	16	-0.146003
39	1	-0.175759
39	11	-0.180305
39	2	-0.187414
39	10	-0.194700
39	14	-0.255765
39	15	-0.258076
39	6	-0.278753
40	13	0.317099
40	7	0.310575
40	4	0.189593
40	8	0.087005
40	3	0.061773
40	11	0.037659
40	18	0.023471
40	6	0.008717
40	19	-0.000806
40	12	-0.026298
40	0	-0.032517
40	15	-0.042278
40	14	-0.062841
40	2	-0.080278
40	9	-0.102216
40	16	-0.109818
40	1	-0.117356
40	5	-0.121348
40	10	-0.134473
40	17	-0.301241
41	13	0.342141
41	3	0.336513
41	4	0.222748
41	7	0.207261
41	8	0.121955
41	15	0.081419
41	14	0.044830
41	10	0.013655
41	16	-0.009025
41	9	-0.010770
41	12	-0.037346
41	6	-0.050288
41	19	-0.083288
41	17	-0.110495
41	5	-0.122477
41	1	-0.148177
41	0	-0.166161
41	11	-0.195955
41	18	-0.210805
41	2	-0.227949
42	13	0.397797
42	8	0.223361
42	3	0.209708
42	4	0.209318
42	14	0.181980
42	7	0.172043
42	2	0.066006
42	10	0.056707
42	9	0.030861
42	15	0.023818
42	18	0.008942
42	19	-0.015762
42	1	-0.030281
42	0	-0.047720
42	12	-0.055538
42	16	-0.058961
42	5	-0.076243
42	6	-0.086782
42	17	-0.127956
42	11	-0.169309
43	13	0.550986
43	3	0.375344
43	4	0.231245
43	17	0.206547
43	8	0.177089
43	10	0.161039
43	7	0.160785
43	12	0.131295
43	0	0.067770
43	2	0.055350
43	18	0.025566
43	11	-0.006216
43	5	-0.012013
43	14	-0.042358
43	19	-0.071542
43	15	-0.077416
43	1	-0.091545
43	6	-0.179475
43	9	-0.223721
43	16	-0.252127
44	13	0.422123
44	3	0.323273
44	7	0.191242
44	5	0.109238
44	4	0.090183
44	8	0.060637
44	12	0.033413
44	17	0.030257
44	0	0.018422
44	18	-0.029693
44	10	-0.031567
44	16	-0.067758
44	19	-0.069610
44	11	-0.078231
44	9	-0.151216
44	2	-0.176015
44	6	-0.183186
44	15	-0.210953
44	14	-0.220313
44	1	-0.259770
45	13	0.443642
45	7	0.256701
45	4	0.183044
45	3	0.152108
45	8	0.109718
45	19	0.064308
45	14	0.030466
45	6	0.029324
45	10	0.002621
45	11	-0.024901
45	0	-0.026049
45	9	-0.047768
45	15	-0.060937
45	17	-0.062717
45	12	-0.076938
45	5	-0.102283
45	16	-0.125302
45	18	-0.138282
45	2	-0.157968
45	1	-0.257085
46	7	0.301818
46	13	0.297686
46	8	0.162629
46	3	0.061438
46	1	0.043003
46	4	0.026496
46	16	0.009681
46	19	-0.032819
46	15	-0.038783
46	2	-0.053917
46	12	-0.057667
46	5	-0.063945
46	18	-0.093069
46	9	-0.095805
46	6	-0.105352
46	17	-0.110937
46	11	-0.112531
46	0	-0.128306
46	10	-0.148578
46	14	-0.155416
47	7	0.368632
47	13	0.306308
47	3	0.216673
47	4	0.153449
47	5	0.146042
47	8	0.142051
47	18	0.131055
47	12	0.124479
47	15	0.118784
47	9	0.102987
47	1	0.058938
47	14	0.039330
47	19	-0.007628
47	11	-0.015662
47	10	-0.030413
47	17	-0.056377
47	16	-0.059748
47	0	-0.093449
47	2	-0.104352
47	6	-0.106954
48	13	0.502953
48	4	0.265798
48	7	0.140705
48	3	0.106642
48	12	0.101555
48	8	0.075872
48	11	0.071942
48	6	0.002486
48	16	-0.009081
48	0	-0.010635
48	18	-0.029106
48	14	-0.050387
48	15	-0.067149
48	1	-0.072955
48	2	-0.085398
48	10	-0.119281
48	19	-0.120852
48	17	-0.123162
48	5	-0.153841
48	9	-0.158610
49	3	0.217793
49	13	0.207780
49	4	0.155459
49	7	0.120801
49	0	-0.003942
49	8	-0.021777
49	18	-0.041034
49	11	-0.079496
49	15	-0.087871
49	17	-0.106008
49	19	-0.123185
49	10	-0.123254
49	5	-0.134197
49	14	-0.161347
49	16	-0.200688
49	12	-0.202375
49	1	-0.224690
49	2	-0.231959
49	6	-0.319528
49	9	-0.361754
50	13	0.526980
50	3	0.257102
50	4	0.241632
50	7	0.161119
50	8	0.076734
50	19	-0.025050
50	2	-0.029427
50	0	-0.047645
50	6	-0.054299
50	11	-0.077203
50	10	-0.082676
50	17	-0.088470
50	9	-0.091740
50	12	-0.102392
50	15	-0.117952
50	5	-0.136238
50	1	-0.159059
50	14	-0.165866
50	18	-0.271480
50	16	-0.314641
51	13	0.325092
51	7	0.167999
51	4	0.073131
51	8	0.059717
51	15	-0.005083
51	3	-0.007800
51	14	-0.034747
51	0	-0.039523
51	9	-0.062644
51	5	-0.063608
51	12	-0.082266
51	2	-0.083424
51	6	-0.122966
51	11	-0.153585
51	10	-0.154872
51	1	-0.157017
51	19	-0.165713
51	18	-0.216899
51	16	-0.229112
51	17	-0.233990
52	13	0.451469
52	7	0.247802
52	3	0.228718
52	8	0.140637
52	4	0.126400
52	17	0.084832
52	19	0.044592
52	10	0.023003
52	0	-0.042873
52	9	-0.055544
52	14	-0.060045
52	1	-0.060495
52	12	-0.131939
52	2	-0.146243
52	18	-0.165460
52	5	-0.181747
52	6	-0.212038
52	11	-0.237350
52	16	-0.252160
52	15	-0.253064
53	13	0.341799
53	4	0.330739
53	3	0.324465
53	7	0.190925
53	6	0.113957
53	5	0.105939
53	8	0.061949
53	10	0.061577
53	0	-0.015219
53	19	-0.016129
53	12	-0.048129
53	1	-0.070960
53	18	-0.075680
53	15	-0.078294
53	14	-0.082926
53	2	-0.093379
53	9	-0.122558
53	11	-0.126663
53	16	-0.157122
53	17	-0.168575
54	13	0.408591
54	4	0.294029
54	7	0.259392
54	3	0.181806
54	16	0.137910
54	1	0.137227
54	8	0.084211
54	15	0.045736
54	6	0.021777
54	19	0.020251
54	14	0.016966
54	5	0.015061
54	12	-0.014164
54	2	-0.018604
54	11	-0.055063
54	9	-0.056439
54	18	-0.077301
54	10	-0.168748
54	17	-0.190690
54	0	-0.237281
55	13	0.214597
55	4	0.201522
55	12	0.039124
55	0	0.036291
55	7	-0.000447
55	3	-0.036805
55	9	-0.042224
55	5	-0.052719
55	8	-0.062859
55	11	-0.090672
55	2	-0.092216
55	1	-0.092430
55	6	-0.136004
55	18	-0.144456
55	15	-0.171520
55	19	-0.181253
55	16	-0.225062
55	10	-0.272263
55	17	-0.280275
55	14	-0.298150
56	13	0.457657
56	7	0.330156
56	4	0.274989
56	8	0.208937
56	1	0.150300
56	3	0.150211
56	6	0.145503
56	16	0.098716
56	12	0.063044
56	14	0.061637
56	11	0.051834
56	15	0.045011
56	0	0.015232
56	18	0.007590
56	10	-0.012236
56	19	-0.016989
56	5	-0.038589
56	17	-0.093828
56	2	-0.125442
56	9	-0.148561
57	13	0.228704
57	7	0.127023
57	3	0.097172
57	8	0.050208
57	15	0.014331
57	2	0.004332
57	19	-0.003077
57	4	-0.015375
57	0	-0.060883
57	9	-0.060890
57	18	-0.119945
57	6	-0.130849
57	5	-0.131791
57	11	-0.132579
57	1	-0.138992
57	12	-0.163874
57	17	-0.176210
57	16	-0.185047
57	14	-0.209420
57	10	-0.210410
58	13	0.279854
58	4	0.173861
58	7	0.141796
58	3	0.070367
58	2	0.036046
58	15	0.004529
58	1	-0.007845
58	18	-0.032692
58	8	-0.039622
58	12	-0.075450
58	0	-0.114266
58	9	-0.136020
58	5	-0.137082
58	19	-0.137538
58	16	-0.163640
58	11	-0.181007
58	6	-0.190465
58	14	-0.206469
58	17	-0.230151
58	10	-0.250200
59	13	0.365804
59	7	0.181827
59	4	0.159060
59	14	0.045919
59	0	0.037103
59	2	0.027308
59	6	0.014029
59	8	0.009918
59	9	-0.008925
59	3	-0.013454
59	19	-0.040428
59	12	-0.051701
59	10	-0.067465
59	16	-0.099886
59	15	-0.105169
59	1	-0.132551
59	5	-0.136277
59	17	-0.145841
59	18	-0.196877
59	11	-0.217023
60	13	0.352198
60	3	0.288898
60	7	0.132452
60	8	0.094138
60	18	0.043062
60	4	0.027055
60	0	0.024899
60	1	-0.022451
60	5	-0.022798
60	9	-0.031479
60	19	-0.047802
60	15	-0.057769
60	10	-0.096138
60	11	-0.102420
60	14	-0.139811
60	6	-0.157500
60	16	-0.161163
60	2	-0.164394
60	17	-0.171111
60	12	-0.175596
61	13	0.348315
61	3	0.169919
61	4	0.140681
61	7	0.109502
61	16	0.056774
61	1	0.047753
61	5	-0.019315
61	9	-0.048349
61	12	-0.050661
61	11	-0.055433
61	18	-0.055552
61	8	-0.057109
61	14	-0.071178
61	17	-0.074286
61	10	-0.120062
61	19	-0.164695
61	2	-0.169693
61	6	-0.196725
61	0	-0.263244
61	15	-0.267915
62	13	0.300486
62	3	0.220654
62	7	0.157533
62	4	0.123762
62	0	0.111598
62	10	0.077761
62	11	0.041031
62	19	0.009913
62	8	0.007325
62	18	-0.002341
62	5	-0.035511
62	6	-0.044453
62	12	-0.088265
62	9	-0.153582
62	16	-0.158661
62	14	-0.163731
62	1	-0.165355
62	2	-0.169978
62	17	-0.182292
62	15	-0.188850
63	13	0.357882
63	3	0.320159
63	8	0.153883
63	7	0.128652
63	4	0.100910
63	17	0.043821
63	19	0.034396
63	10	-0.005183
63	5	-0.011382
63	0	-0.028853
63	9	-0.050051
63	15	-0.118612
63	16	-0.132035
63	18	-0.141843
63	11	-0.148135
63	14	-0.150092
63	12	-0.153109
63	6	-0.185887
63	1	-0.186150
63	2	-0.189990
64	13	0.660102
64	4	0.358326
64	7	0.226937
64	8	0.189604
64	3	0.171608
64	1	0.049988
64	12	0.046124
64	17	0.029541
64	11	0.024837
64	2	0.007594
64	0	-0.014773
64	9	-0.014970
64	18	-0.018430
64	6	-0.069438
64	19	-0.077025
64	10	-0.078253
64	5	-0.084824
64	14	-0.096898
64	15	-0.099944
64	16	-0.149904
65	13	0.353133
65	4	0.188537
65	7	0.097641
65	3	0.078885
65	12	0.015710
65	17	-0.078143
65	14	-0.079072
65	8	-0.082065
65	2	-0.110503
65	18	-0.113104
65	16	-0.127517
65	6	-0.130716
65	9	-0.164128
65	10	-0.172446
65	1	-0.182811
65	11	-0.194737
65	5	-0.204543
65	15	-0.235090
65	19	-0.273430
65	0	-0.277992
66	13	0.347528
66	3	0.248930
66	4	0.248833
66	7	0.204467
66	8	0.125522
66	6	0.061401
66	14	0.021195
66	9	-0.004603
66	15	-0.005333
66	0	-0.015093
66	5	-0.015210
66	19	-0.054736
66	2	-0.095940
66	16	-0.109841
66	1	-0.116730
66	10	-0.124926
66	11	-0.158325
66	17	-0.244206
66	18	-0.271849
66	12	-0.332273
67	13	0.532039
67	4	0.216577
67	7	0.171685
67	19	0.137196
67	3	0.131057
67	8	0.108132
67	6	0.095844
67	5	0.086427
67	1	0.083882
67	2	0.048071
67	11	0.044975
67	17	0.039990
67	12	0.005245
67	18	-0.004477
67	16	-0.016853
67	9	-0.037837
67	15	-0.052809
67	14	-0.080102
67	0	-0.095384
67	10	-0.164298
68	13	0.344557
68	4	0.155937
68	3	0.151934
68	11	0.111480
68	12	0.075805
68	10	0.062589
68	2	0.053666
68	0	0.014694
68	18	-0.000612
68	7	-0.001231
68	19	-0.017471
68	6	-0.055065
68	9	-0.057880
68	8	-0.101961
68	17	-0.119200
68	5	-0.149371
68	15	-0.156888
68	16	-0.167525
68	1	-0.172643
68	14	-0.187974
69	13	0.622599
69	8	0.169088
69	3	0.137216
69	7	0.104064
69	4	0.061956
69	11	0.054537
69	17	-0.042367
69	12	-0.060888
69	19	-0.081891
69	2	-0.090138
69	18	-0.091790
69	16	-0.114236
69	5	-0.128675
69	1	-0.138993
69	6	-0.166002
69	14	-0.167015
69	15	-0.198478
69	9	-0.202484
69	10	-0.228111
69	0	-0.237466
70	4	0.361095
70	13	0.324458
70	3	0.241524
70	7	0.178787
70	8	0.128087
70	15	0.093292
70	5	0.077674
70	16	0.042766
70	9	-0.004202
70	19	-0.034748
70	12	-0.041946
70	1	-0.063413
70	18	-0.063498
70	14	-0.085491
70	10	-0.095575
70	0	-0.104651
70	11	-0.134290
70	6	-0.190032
70	17	-0.242106
70	2	-0.292728
71	13	0.344063
71	3	0.181346
71	4	0.138028
71	17	0.099495
71	7	0.085735
71	8	0.059939
71	19	0.052896
71	15	0.026932
71	18	-0.055683
71	11	-0.084557
71	14	-0.110900
71	12	-0.114007
71	6	-0.128942
71	10	-0.139903
71	2	-0.160430
71	9	-0.197187
71	5	-0.200635
71	1	-0.216965
71	0	-0.221123
71	16	-0.271902
72	7	0.254896
72	13	0.181549
72	3	0.177566
72	8	0.044420
72	15	0.008834
72	9	-0.008800
72	5	-0.020193
72	4	-0.023929
72	19	-0.023971
72	16	-0.082773
72	1	-0.091633
72	14	-0.093422
72	10	-0.094558
72	6	-0.139847
72	2	-0.143936
72	12	-0.147244
72	0	-0.156632
72	18	-0.200154
72	17	-0.201239
72	11	-0.291304
73	13	0.464372
73	7	0.199288
73	3	0.191302
73	4	0.139385
73	8	0.092728
73	12	0.045409
73	11	0.022696
73	18	0.000072
73	5	-0.002970
73	17	-0.017833
73	1	-0.024285
73	9	-0.028442
73	0	-0.040857
73	14	-0.045656
73	10	-0.074793
73	15	-0.076431
73	16	-0.078378
73	19	-0.079483
73	6	-0.102808
73	2	-0.110742
74	7	0.367917
74	13	0.324246
74	3	0.253400
74	8	0.151335
74	15	0.148505
74	5	0.131943
74	16	0.085009
74	18	0.084159
74	1	0.076574
74	4	0.049844
74	0	0.010709
74	10	-0.020520
74	6	-0.022052
74	9	-0.023907
74	19	-0.042332
74	12	-0.073131
74	14	-0.078033
74	11	-0.084776
74	2	-0.086988
74	17	-0.154089
75	13	0.414437
75	4	0.152451
75	0	0.128294
75	7	0.101012
75	3	0.042262
75	11	-0.011185
75	12	-0.026536
75	8	-0.032454
75	18	-0.142278
75	15	-0.148025
75	2	-0.161720
75	1	-0.161761
75	14	-0.174295
75	16	-0.177705
75	5	-0.179670
75	6	-0.192538
75	9	-0.255067
75	17	-0.267843
75	10	-0.327208
75	19	-0.332319
76	13	0.564577
76	4	0.216575
76	3	0.183560
76	7	0.174395
76	1	0.132989
76	8	0.129914
76	19	0.064052
76	15	0.043084
76	2	0.020076
76	5	0.018246
76	0	0.016685
76	12	-0.023722
76	6	-0.047827
76	11	-0.052249
76	10	-0.058748
76	14	-0.076040
76	18	-0.118356
76	9	-0.146686
76	16	-0.155715
76	17	-0.182910
77	13	0.388959
77	7	0.297284
77	3	0.296031
77	16	0.207123
77	15	0.204709
77	4	0.139602
77	5	0.131261
77	12	0.113206
77	8	0.093356
77	10	0.077094
77	9	0.058129
77	1	0.036213
77	11	0.021229
77	2	0.016149
77	17	-0.010347
77	18	-0.020666
77	14	-0.034529
77	0	-0.046448
77	6	-0.054712
77	19	-0.214434
78	13	0.291387
78	7	0.241164
78	9	0.130952
78	3	0.103714
78	14	0.079524
78	4	0.024039
78	15	0.009288
78	5	0.000207
78	16	-0.000151
78	8	-0.022397
78	1	-0.059453
78	0	-0.065855
78	11	-0.079208
78	18	-0.109178
78	10	-0.111654
78	17	-0.127439
78	6	-0.145903
78	12	-0.162353
78	2	-0.169515
78	19	-0.217372
79	13	0.375044
79	4	0.301342
79	7	0.246656
79	8	0.128493
79	3	0.036270
79	5	-0.002886
79	16	-0.011557
79	12	-0.015044
79	19	-0.015591
79	0	-0.023179
79	11	-0.038606
79	6	-0.064611
79	14	-0.073108
79	18	-0.073112
79	15	-0.074688
79	1	-0.078042
79	2	-0.099615
79	9	-0.128136
79	17	-0.204275
79	10	-0.250719
80	13	0.302661
80	4	0.292275
80	3	0.189039
80	7	0.101864
80	0	0.082984
80	5	0.071396
80	11	0.069113
80	6	0.030487
80	12	-0.012438
80	14	-0.079098
80	8	-0.116388
80	18	-0.138393
80	19	-0.169027
80	15	-0.169193
80	2	-0.184742
80	1	-0.186220
80	16	-0.196258
80	9	-0.213695
80	17	-0.223422
80	10	-0.230140
81	13	0.450261
81	7	0.192637
81	3	0.187548
81	18	0.177960
81	4	0.122414
81	0	0.101263
81	8	0.075280
81	12	0.044436
81	1	0.027393
81	5	0.020009
81	6	0.014786
81	19	0.009500
81	2	0.006128
81	10	-0.025650
81	11	-0.025966
81	14	-0.067432
81	17	-0.083564
81	15	-0.110062
81	16	-0.113658
81	9	-0.147180
82	13	0.220510
82	7	0.163048
82	12	0.074956
82	4	0.070492
82	3	0.062653
82	15	0.019960
82	14	0.017081
82	17	-0.031068
82	18	-0.052441
82	0	-0.063862
82	9	-0.066720
82	8	-0.072525
82	10	-0.075954
82	5	-0.078406
82	2	-0.086444
82	11	-0.087941
82	1	-0.090784
82	16	-0.112645
82	19	-0.131398
82	6	-0.149370
83	13	0.346465
83	3	0.264573
83	7	0.192229
83	8	0.186853
83	6	0.152628
83	19	0.135487
83	4	0.039830
83	12	0.033282
83	1	0.029284
83	18	0.025134
83	5	-0.009775
83	16	-0.030967
83	10	-0.038408
83	0	-0.049123
83	9	-0.055201
83	17	-0.055669
83	11	-0.074747
83	2	-0.106069
83	15	-0.116209
83	14	-0.120040
84	13	0.452732
84	15	0.277227
84	3	0.258140
84	7	0.254031
84	8	0.220224
84	4	0.178995
84	19	0.096697
84	1	0.078572
84	0	0.024885
84	5	0.010113
84	9	0.005527
84	2	-0.000922
84	16	-0.043894
84	18	-0.053279
84	12	-0.086979
84	17	-0.100202
84	10	-0.118527
84	14	-0.197303
84	11	-0.199426
84	6	-0.229943
85	13	0.371645
85	7	0.174633
85	4	0.133521
85	0	0.131364
85	12	0.082518
85	10	0.081908
85	3	0.074739
85	8	0.061749
85	2	0.041008
85	18	0.003742
85	5	0.002711
85	19	-0.046913
85	15	-0.052768
85	17	-0.066256
85	14	-0.127980
85	11	-0.144476
85	6	-0.172302
85	9	-0.177962
85	1	-0.198445
85	16	-0.228272
86	7	0.372924
86	13	0.364884
86	3	0.177538
86	12	0.159896
86	4	0.146818
86	9	0.080778
86	14	0.047252
86	16	0.038127
86	10	0.023497
86	8	-0.015339
86	6	-0.023056
86	11	-0.024766
86	17	-0.055869
86	1	-0.065767
86	5	-0.079494
86	18	-0.079729
86	2	-0.096668
86	15	-0.129126
86	19	-0.138030
86	0	-0.165170
87	13	0.397879
87	7	0.241590
87	3	0.140315
87	4	0.091062
87	8	0.058653
87	0	0.018338
87	5	0.017800
87	18	-0.005612
87	19	-0.027447
87	16	-0.048728
87	2	-0.070850
87	6	-0.080430
87	11	-0.080690
87	10	-0.087074
87	14	-0.096973
87	15	-0.123577
87	1	-0.124249
87	12	-0.147542
87	17	-0.170024
87	9	-0.209238
88	13	0.354890
88	7	0.301065
88	4	0.172648
88	3	0.094019
88	12	0.074042
88	8	0.068874
88	18	-0.021224
88	11	-0.021764
88	15	-0.029517
88	16	-0.075513
88	6	-0.079533
88	14	-0.081716
88	2	-0.085043
88	0	-0.101722
88	1	-0.111922
88	10	-0.114238
88	9	-0.149356
88	17	-0.169393
88	5	-0.210278
88	19	-0.212537
89	13	0.235652
89	4	0.151975
89	7	0.137293
89	3	0.052818
89	0	0.029711
89	9	-0.033001
89	14	-0.035368
89	5	-0.044860
89	8	-0.045285
89	12	-0.070063
89	19	-0.072401
89	1	-0.074915
89	6	-0.112113
89	11	-0.137313
89	17	-0.163164
89	16	-0.168926
89	2	-0.229999
89	10	-0.237806
89	15	-0.241624
89	18	-0.259590
90	7	0.422745
90	3	0.223744
90	13	0.187093
90	4	0.161090
90	14	0.089082
90	8	0.057377
90	15	0.050216
90	2	0.032723
90	5	0.020705
90	6	0.013653
90	0	-0.023450
90	11	-0.034886
90	10	-0.052095
90	19	-0.055515
90	12	-0.068077
90	18	-0.114806
90	16	-0.142691
90	9	-0.142875
90	1	-0.179799
90	17	-0.192299
91	13	0.431676
91	3	0.373115
91	8	0.202542
91	4	0.184292
91	7	0.176010
91	11	0.167443
91	17	0.141421
91	9	0.104379
91	16	0.082719
91	6	0.051177
91	5	0.034259
91	18	0.029743
91	12	0.029491
91	10	-0.005435
91	15	-0.038947
91	19	-0.054766
91	0	-0.104696
91	1	-0.109798
91	14	-0.145142
91	2	-0.175769
92	13	0.368140
92	3	0.242237
92	8	0.222239
92	4	0.172425
92	9	0.128666
92	7	0.120178
92	6	0.056184
92	10	0.050219
92	16	0.024061
92	0	0.001886
92	5	-0.029215
92	11	-0.040618
92	12	-0.062721
92	2	-0.065829
92	14	-0.099770
92	19	-0.106594
92	18	-0.120729
92	1	-0.172777
92	15	-0.183061
92	17	-0.254407
93	13	0.484356
93	4	0.348942
93	0	0.201181
93	12	0.167495
93	7	0.097066
93	3	0.095416
93	6	0.065110
93	11	0.049244
93	10	0.035511
93	5	0.033848
93	15	0.023090
93	2	0.022809
93	18	0.007561
93	1	-0.000484
93	19	-0.006993
93	8	-0.020740
93	17	-0.136440
93	16	-0.159530
93	14	-0.220655
93	9	-0.256859
94	13	0.521184
94	7	0.381757
94	3	0.336386
94	8	0.245499
94	4	0.233720
94	5	0.104374
94	17	0.085244
94	12	0.076337
94	19	0.042848
94	18	0.019875
94	14	0.013893
94	1	0.013795
94	2	-0.021621
94	11	-0.034868
94	0	-0.037820
94	10	-0.039184
94	15	-0.053465
94	6	-0.084147
94	16	-0.104051
94	9	-0.160235
95	13	0.360416
95	7	0.181242
95	12	0.119452
95	18	0.049882
95	3	0.036849
95	16	0.025273
95	4	0.017943
95	9	0.003577
95	11	-0.019646
95	19	-0.052875
95	8	-0.064544
95	14	-0.068382
95	2	-0.127563
95	17	-0.135876
95	6	-0.167822
95	10	-0.173206
95	1	-0.189445
95	0	-0.192884
95	5	-0.236991
95	15	-0.246685
96	13	0.363882
96	3	0.360246
96	4	0.308409
96	0	0.172149
96	7	0.171217
96	8	0.162027
96	5	0.155856
96	1	0.111077
96	18	0.048049
96	17	0.043078
96	19	0.016322
96	15	-0.005234
96	11	-0.011620
96	6	-0.051416
96	12	-0.062449
96	10	-0.064328
96	14	-0.111125
96	9	-0.132478
96	16	-0.181134
96	2	-0.194141
97	13	0.362466
97	4	0.299289
97	3	0.226669
97	8	0.204395
97	15	0.122586
97	5	0.102020
97	7	0.057286
97	2	0.023166
97	0	0.021560
97	19	-0.021832
97	1	-0.026974
97	18	-0.076369
97	11	-0.082891
97	9	-0.097096
97	14	-0.127358
97	6	-0.156445
97	10	-0.166514
97	16	-0.173223
97	12	-0.190336
97	17	-0.211856
98	7	0.394751
98	13	0.334212
98	3	0.162770
98	16	0.144469
98	4	0.144468
98	19	0.086154
98	14	0.041680
98	18	0.003375
98	17	0.000295
98	11	-0.002591
98	8	-0.016748
98	2	-0.035907
98	9	-0.067273
98	5	-0.067550
98	12	-0.087129
98	6	-0.093837
98	0	-0.133003
98	10	-0.150025
98	1	-0.183874
98	15	-0.207261
99	13	0.364517
99	3	0.262771
99	7	0.257747
99	4	0.200938
99	14	0.177214
99	9	0.114515
99	11	0.082702
99	16	0.078234
99	12	0.068290
99	10	0.057776
99	8	0.045827
99	6	0.012250
99	2	-0.033045
99	18	-0.036564
99	0	-0.061457
99	15	-0.064438
99	5	-0.066530
99	19	-0.129295
99	17	-0.151520
99	1	-0.233927
100	13	0.189168
100	7	0.099082
100	4	0.087276
100	3	0.071834
100	8	-0.035134
100	5	-0.035217
100	15	-0.053902
100	19	-0.056348
100	18	-0.077492
100	16	-0.077687
100	17	-0.109412
100	0	-0.125980
100	11	-0.127486
100	2	-0.139641
100	9	-0.147054
100	12	-0.167650
100	6	-0.168888
100	1	-0.216852
100	10	-0.225858
100	14	-0.226133
101	13	0.277710
101	7	0.277093
101	4	0.126680
101	14	0.097037
101	3	0.067114
101	16	0.047706
101	12	0.007187
101	9	-0.012329
101	1	-0.031578
101	19	-0.033572
101	8	-0.042739
101	17	-0.078440
101	10	-0.080870
101	2	-0.104607
101	11	-0.111289
101	6	-0.112420
101	5	-0.130441
101	18	-0.155532
101	15	-0.184872
101	0	-0.190710
102	13	0.416826
102	4	0.195754
102	3	0.088053
102	8	0.078495
102	7	0.017980
102	2	0.006557
102	12	-0.003024
102	0	-0.005033
102	19	-0.060655
102	18	-0.067937
102	1	-0.073382
102	11	-0.118033
102	9	-0.131277
102	15	-0.140557
102	6	-0.163091
102	17	-0.169889
102	5	-0.178036
102	10	-0.247999
102	14	-0.282393
102	16	-0.302035
103	7	0.343069
103	13	0.210432
103	3	0.140893
103	4	0.105451
103	14	0.051787
103	6	-0.022537
103	16	-0.022786
103	19	-0.045734
103	10	-0.061793
103	18	-0.077903
103	2	-0.080357
103	12	-0.089768
103	15	-0.095788
103	5	-0.098745
103	9	-0.101897
103	17	-0.124261
103	11	-0.133713
103	0	-0.148700
103	1	-0.149276
103	8	-0.220467
104	13	0.332894
104	3	0.138132
104	4	0.109075
104	14	0.033441
104	5	0.025490
104	7	0.013773
104	16	0.003102
104	6	-0.025402
104	8	-0.067798
104	15	-0.080181
104	0	-0.091150
104	18	-0.091643
104	10	-0.106106
104	2	-0.122884
104	12	-0.127867
104	11	-0.130170
104	17	-0.144013
104	1	-0.208390
104	19	-0.211230
104	9	-0.290587
105	13	0.565048
105	7	0.258964
105	8	0.177697
105	4	0.176907
105	3	0.153258
105	5	0.099179
105	10	0.012209
105	9	0.007828
105	6	0.004106
105	2	0.002580
105	0	-0.000431
105	1	-0.005342
105	12	-0.006041
105	18	-0.040834
105	16	-0.092316
105	15	-0.101036
105	19	-0.110847
105	17	-0.112051
105	14	-0.122605
105	11	-0.152663
106	13	0.521470
106	3	0.226705
106	4	0.189350
106	8	0.176577
106	7	0.141669
106	12	0.134879
106	6	0.120785
106	18	0.066419
106	5	0.054929
106	2	0.028191
106	10	-0.011133
106	11	-0.030472
106	15	-0.046719
106	0	-0.054270
106	17	-0.091021
106	1	-0.111274
106	9	-0.112978
106	16	-0.128543
106	19	-0.144458
106	14	-0.167626
107	13	0.463786
107	3	0.262732
107	8	0.210730
107	7	0.171649
107	4	0.057700
107	5	0.025705
107	0	0.008679
107	18	-0.008411
107	19	-0.011226
107	17	-0.011860
107	10	-0.021492
107	1	-0.030291
107	14	-0.039345
107	6	-0.056639
107	2	-0.066172
107	9	-0.076276
107	12	-0.092902
107	16	-0.146621
107	11	-0.148273
107	15	-0.189278
108	13	0.442665
108	7	0.292750
108	3	0.274899
108	4	0.241682
108	5	0.097243
108	14	0.093793
108	12	0.085023
108	8	0.076910
108	16	0.059206
108	10	0.040704
108	9	0.021674
108	18	-0.053822
108	2	-0.055570
108	17	-0.077644
108	1	-0.089834
108	6	-0.098568
108	15	-0.104476
108	11	-0.127753
108	0	-0.129030
108	19	-0.177383
109	13	0.546843
109	4	0.283766
109	3	0.219602
109	7	0.151702
109	19	0.095134
109	12	0.054273
109	8	0.039201
109	17	0.013016
109	18	0.002511
109	2	-0.022710
109	6	-0.031041
109	1	-0.032447
109	5	-0.048793
109	11	-0.066875
109	14	-0.073368
109	10	-0.102456
109	9	-0.120519
109	16	-0.131320
109	0	-0.138352
109	15	-0.151013
110	13	0.343893
110	3	0.206016
110	7	0.175077
110	4	0.148344
110	5	0.063063
110	19	0.022859
110	0	-0.015390
110	8	-0.031693
110	17	-0.046974
110	10	-0.054432
110	11	-0.059870
110	12	-0.067388
110	6	-0.095046
110	2	-0.107008
110	9	-0.114125
110	16	-0.157283
110	15	-0.160661
110	1	-0.161472
110	18	-0.232233
110	14	-0.267883
111	13	0.394063
111	3	0.166953
111	4	0.163895
111	11	0.134540
111	7	0.088599
111	12	0.057209
111	18	0.001342
111	2	-0.001509
111	0	-0.008601
111	15	-0.034881
111	5	-0.040898
111	16	-0.043675
111	8	-0.047083
111	19	-0.076628
111	10	-0.077269
111	14	-0.080812
111	6	-0.083285
111	1	-0.090590
111	9	-0.171860
111	17	-0.243711
112	13	0.286475
112	3	0.206722
112	7	0.164049
112	4	0.099581
112	2	0.063360
112	15	0.062451
112	11	0.039556
112	10	0.009502
112	14	-0.015433
112	12	-0.018203
112	6	-0.039280
112	5	-0.039983
112	8	-0.043419
112	0	-0.068183
112	18	-0.081048
112	19	-0.082464
112	16	-0.085983
112	9	-0.091291
112	1	-0.243045
112	17	-0.282806
113	13	0.549022
113	3	0.219693
113	4	0.218430
113	8	0.141423
113	6	0.051968
113	7	0.040178
113	11	-0.041988
113	17	-0.044814
113	19	-0.045249
113	0	-0.047948
113	18	-0.057113
113	12	-0.074766
113	5	-0.133621
113	10	-0.158374
113	1	-0.187186
113	15	-0.213152
113	14	-0.234994
113	2	-0.247312
113	9	-0.312220
113	16	-0.354822
114	13	0.399580
114	7	0.275616
114	3	0.215205
114	4	0.171326
114	8	0.159472
114	9	0.130124
114	15	0.122960
114	1	0.106147
114	19	0.096909
114	5	0.068479
114	12	0.044253
114	6	-0.029005
114	2	-0.043486
114	0	-0.049936
114	18	-0.050092
114	17	-0.065034
114	16	-0.069166
114	14	-0.119210
114	10	-0.126876
114	11	-0.236417
115	13	0.601704
115	8	0.306504
115	4	0.303467
115	3	0.249035
115	19	0.192403
115	2	0.110390
115	17	0.104047
115	6	0.095772
115	15	0.083969
115	7	0.026054
115	11	0.022025
115	12	0.015757
115	18	-0.007181
115	10	-0.048700
115	14	-0.072909
115	1	-0.085204
115	0	-0.118499
115	16	-0.143778
115	5	-0.159042
115	9	-0.313746
116	7	0.357903
116	3	0.283937
116	4	0.255015
116	13	0.214739
116	1	0.110093
116	12	0.093190
116	14	0.090647
116	19	0.058273
116	10	0.051059
116	6	0.032063
116	9	0.029832
116	2	0.024158
116	15	-0.015020
116	5	-0.019839
116	0	-0.024697
116	8	-0.026304
116	11	-0.047021
116	18	-0.095375
116	16	-0.163623
116	17	-0.165643
117	7	0.436058
117	13	0.333042
117	15	0.167559
117	3	0.152603
117	1	0.140097
117	5	0.132807
117	16	0.128895
117	14	0.087784
117	9	0.073955
117	4	0.073173
117	12	0.026353
117	2	0.013724
117	8	0.013712
117	18	-0.003481
117	10	-0.029397
117	0	-0.040428
117	19	-0.092829
117	11	-0.108449
117	17	-0.110198
117	6	-0.136882
118	13	0.533262
118	7	0.214731
118	16	0.112097
118	3	0.098297
118	15	0.094494
118	4	0.082308
118	11	0.065974
118	8	0.062854
118	1	0.033192
118	10	0.017999
118	2	-0.012364
118	6	-0.027950
118	19	-0.040511
118	14	-0.044237
118	9	-0.075819
118	12	-0.080107
118	18	-0.096195
118	5	-0.108625
118	0	-0.123439
118	17	-0.168281
119	7	0.320825
119	13	0.180749
119	3	0.149436
119	4	0.108248
119	12	0.048475
119	19	0.013673
119	15	0.008650
119	0	-0.017723
119	18	-0.031072
119	8	-0.052761
119	16	-0.064677
119	1	-0.066468
119	5	-0.090201
119	6	-0.141584
119	2	-0.155072
119	14	-0.156789
119	9	-0.157440
119	10	-0.167999
119	11	-0.227327
119	17	-0.240480
120	13	0.294255
120	4	0.223241
120	7	0.090655
120	0	0.079647
120	14	0.055013
120	3	0.039466
120	8	0.031305
120	15	0.023619
120	10	-0.001475
120	19	-0.033001
120	16	-0.048308
120	1	-0.079706
120	2	-0.095892
120	6	-0.102810
120	9	-0.125195
120	18	-0.132156
120	12	-0.163624
120	5	-0.174747
120	11	-0.208727
120	17	-0.402314
121	13	0.477074
121	7	0.355303
121	3	0.318553
121	8	0.159853
121	0	0.123016
121	11	0.105279
121	15	0.098564
121	5	0.070977
121	2	0.060489
121	9	0.047278
121	1	0.036485
121	4	0.029740
121	14	0.017557
121	17	0.015678
121	18	0.002891
121	12	-0.042418
121	6	-0.043692
121	10	-0.043869
121	16	-0.051363
121	19	-0.140925
122	13	0.483989
122	7	0.218024
122	9	0.137344
122	14	0.112034
122	16	0.099931
122	3	0.096529
122	15	0.090081
122	8	0.045324
122	4	0.035897
122	10	0.030365
122	11	0.006568
122	1	-0.006451
122	12	-0.014301
122	2	-0.032875
122	17	-0.039759
122	5	-0.070968
122	18	-0.108425
122	6	-0.165058
122	0	-0.180041
122	19	-0.224390
123	13	0.410139
123	4	0.158113
123	12	0.053752
123	7	0.009035
123	2	0.007098
123	19	0.000661
123	17	-0.023442
123	11	-0.024460
123	3	-0.038079
123	14	-0.048169
123	16	-0.071137
123	10	-0.077766
123	8	-0.078980
123	9	-0.093786
123	18	-0.167058
123	0	-0.189761
123	6	-0.200994
123	15	-0.209682
123	5	-0.251242
123	1	-0.345788
124	13	0.418900
124	8	0.218520
124	7	0.195554
124	19	0.168827
124	3	0.118318
124	4	0.109831
124	11	0.078466
124	14	0.075995
124	15	0.010529
124	18	0.000249
124	16	-0.005410
124	2	-0.022173
124	12	-0.045327
124	6	-0.074081
124	9	-0.074669
124	1	-0.092190
124	10	-0.130890
124	17	-0.170301
124	5	-0.189797
124	0	-0.216015
125	13	0.500319
125	3	0.353354
125	4	0.336807
125	19	0.165413
125	8	0.163448
125	7	0.139015
125	5	0.132225
125	11	0.123308
125	18	0.091356
125	17	0.079781
125	0	0.078157
125	12	0.043604
125	10	0.022370
125	15	0.022123
125	1	0.017121
125	14	0.007487
125	2	0.002167
125	9	-0.049303
125	16	-0.054069
125	6	-0.164338
126	13	0.351400
126	4	0.285284
126	3	0.255582
126	7	0.117982
126	0	0.103573
126	18	0.081561
126	11	0.080674
126	16	0.068925
126	15	0.064597
126	12	0.037561
126	8	0.016588
126	17	-0.012825
126	19	-0.017764
126	2	-0.022806
126	14	-0.036036
126	5	-0.047418
126	10	-0.085845
126	9	-0.096248
126	1	-0.117543
126	6	-0.169295
127	13	0.406546
127	7	0.326257
127	3	0.230205
127	4	0.227731
127	14	0.107723
127	11	0.099684
127	2	0.087332
127	5	0.078183
127	0	0.056082
127	16	0.049584
127	9	0.024134
127	6	-0.009988
127	8	-0.011180
127	18	-0.017793
127	10	-0.033665
127	12	-0.062516
127	15	-0.063612
127	19	-0.091735
127	1	-0.096311
127	17	-0.110330
128	13	0.452261
128	7	0.251829
128	3	0.202807
128	4	0.134130
128	6	0.125248
128	12	0.069814
128	17	0.063237
128	1	0.047792
128	11	0.036285
128	2	0.015966
128	9	-0.034822
128	8	-0.036991
128	19	-0.052256
128	15	-0.057408
128	18	-0.066027
128	14	-0.083137
128	5	-0.086691
128	0	-0.087354
128	16	-0.096693
128	10	-0.097584
129	13	0.412481
129	7	0.126741
129	4	0.081690
129	16	0.019695
129	15	-0.016323
129	19	-0.019570
129	12	-0.020635
129	9	-0.040235
129	8	-0.047022
129	18	-0.051847
129	11	-0.055431
129	14	-0.055673
129	17	-0.068815
129	1	-0.080828
129	2	-0.083195
129	10	-0.093874
129	3	-0.113242
129	5	-0.116689
129	0	-0.139059
129	6	-0.252711
130	13	0.362346
130	7	0.273431
130	3	0.242667
130	4	0.205203
130	19	0.059827
130	8	0.050492
130	1	0.033074
130	14	-0.006162
130	17	-0.026931
130	15	-0.055350
130	9	-0.062352
130	6	-0.091839
130	10	-0.098365
130	0	-0.104744
130	5	-0.118530
130	12	-0.133308
130	16	-0.157233
130	18	-0.181629
130	11	-0.185458
130	2	-0.226170
131	13	0.600520
131	4	0.248393
131	7	0.221080
131	1	0.056637
131	12	0.007519
131	19	-0.012123
131	17	-0.016534
131	16	-0.025799
131	9	-0.031614
131	2	-0.038963
131	0	-0.049703
131	14	-0.058125
131	6	-0.062973
131	3	-0.066709
131	8	-0.067813
131	11	-0.095406
131	18	-0.100099
131	5	-0.112732
131	15	-0.122539
131	10	-0.144240
132	13	0.539321
132	4	0.265496
132	3	0.197101
132	18	0.158384
132	5	0.129625
132	16	0.122922
132	8	0.121604
132	7	0.091292
132	11	0.043456
132	15	0.027142
132	0	0.012603
132	19	0.011608
132	12	0.001544
132	1	-0.003941
132	2	-0.069632
132	10	-0.074103
132	6	-0.085351
132	17	-0.095994
132	9	-0.130871
132	14	-0.258923
133	13	0.442288
133	4	0.199236
133	8	0.184057
133	5	0.098744
133	7	0.090502
133	0	0.079890
133	3	0.032118
133	1	0.022748
133	2	0.017472
133	19	0.016696
133	11	-0.017725
133	12	-0.046017
133	15	-0.077553
133	17	-0.099078
133	18	-0.123218
133	10	-0.134907
133	14	-0.182744
133	6	-0.190124
133	9	-0.193353
133	16	-0.281938
134	4	0.263278
134	13	0.254911
134	7	0.213919
134	3	0.193600
134	9	0.090633
134	15	0.012258
134	16	-0.000390
134	5	-0.007073
134	14	-0.010580
134	1	-0.012327
134	19	-0.017541
134	12	-0.041549
134	18	-0.044039
134	8	-0.061592
134	2	-0.192838
134	11	-0.193291
134	10	-0.206602
134	6	-0.213740
134	17	-0.240704
134	0	-0.242745
135	7	0.343434
135	13	0.308898
135	9	0.234939
135	3	0.231566
135	4	0.176373
135	15	0.112955
135	14	0.111675
135	8	0.111491
135	1	0.103177
135	17	0.101076
135	16	0.076339
135	10	0.074462
135	5	0.052297
135	19	0.017852
135	12	-0.010148
135	11	-0.108424
135	2	-0.128950
135	18	-0.140598
135	0	-0.158989
135	6	-0.210865
